degree,specialization,cgpa,yearOfGraduation,internship,projects,python,java,ml,data,web,uiux,cloud,job_role
MCA,CS,8.24,2024,0,0,0,0,1,0,0,0,0,Software Engineer
MCA,AI,9.08,2024,0,5,0,0,0,0,1,0,1,Software Engineer
B.Tech,DS,6.37,2026,1,0,1,1,1,0,0,1,0,ML Engineer
MCA,CS,6.17,2025,1,0,1,0,1,0,1,1,0,ML Engineer
BCA,AI,6.8,2026,0,4,0,0,1,1,1,1,0,UI/UX Designer
MCA,AI,9.2,2024,0,0,0,0,0,1,1,1,0,UI/UX Designer
MCA,DS,7.5,2027,0,2,1,1,1,0,0,1,0,ML Engineer
B.Tech,DS,6.35,2024,0,1,0,0,1,1,1,1,0,UI/UX Designer
MCA,CS,8.59,2024,1,5,0,1,0,1,1,1,1,UI/UX Designer
MCA,AI,9.69,2025,0,5,1,0,1,1,0,1,0,Data Scientist
BCA,CS,6.43,2026,1,1,1,0,0,1,0,0,1,Cloud Engineer
B.Tech,DS,9.6,2025,1,4,0,0,0,0,1,0,0,Software Engineer
MCA,DS,6.46,2025,0,2,1,0,0,1,1,1,1,Backend Developer
B.Tech,CS,9.27,2024,0,2,0,0,0,0,0,0,0,Software Engineer
B.Tech,CS,6.37,2027,1,3,1,0,0,1,0,1,1,UI/UX Designer
B.Tech,IT,6.73,2028,1,1,1,1,0,0,0,1,1,UI/UX Designer
MCA,CS,6.19,2028,0,0,1,0,1,1,0,0,1,Data Scientist
B.Tech,IT,7.44,2027,1,3,0,0,1,1,1,0,1,Software Engineer
B.Tech,CS,8.84,2024,0,4,1,1,1,0,0,1,0,ML Engineer
MCA,IT,7.53,2028,0,4,1,0,0,0,0,0,0,Software Engineer
B.Tech,AI,7.5,2026,1,2,0,0,1,1,1,0,1,Software Engineer
B.Tech,AI,9.35,2025,1,2,0,0,1,0,0,0,1,Software Engineer
BCA,CS,9.38,2028,0,2,0,1,1,0,1,0,0,Software Engineer
B.Tech,CS,8.41,2026,0,0,1,0,1,0,1,1,1,ML Engineer
B.Tech,CS,9.59,2025,0,2,1,0,1,0,1,1,0,ML Engineer
BCA,IT,8.59,2024,1,4,0,1,0,0,1,1,0,UI/UX Designer
B.Tech,AI,8.97,2027,0,2,1,0,0,0,0,1,0,UI/UX Designer
BCA,AI,7.16,2025,0,0,0,0,1,0,1,0,0,Software Engineer
MCA,DS,8.58,2028,1,0,0,1,1,1,0,1,1,UI/UX Designer
BCA,AI,7.66,2028,0,3,0,1,0,1,0,0,1,Software Engineer
BCA,CS,9.61,2026,1,5,0,1,0,1,0,0,1,Software Engineer
MCA,IT,6.73,2027,0,4,0,1,1,1,1,1,1,UI/UX Designer
MCA,AI,7.77,2027,0,4,1,1,0,1,1,0,1,Full Stack Developer
MCA,AI,6.85,2025,0,0,1,0,0,1,1,0,0,Backend Developer
MCA,DS,7.88,2025,0,5,0,0,1,0,1,1,0,UI/UX Designer
MCA,IT,9.49,2024,1,1,0,0,1,0,0,1,0,UI/UX Designer
BCA,AI,8.86,2026,1,5,1,1,1,1,1,0,1,Data Scientist
BCA,AI,9.39,2024,0,1,0,1,1,0,1,0,1,Software Engineer
BCA,DS,7.58,2025,1,3,0,1,0,0,0,1,1,UI/UX Designer
BCA,IT,7.86,2026,1,3,0,1,1,0,1,1,1,UI/UX Designer
MCA,CS,9.45,2028,0,0,0,1,1,1,0,1,0,UI/UX Designer
BCA,IT,7.73,2026,1,2,1,0,1,0,0,1,1,ML Engineer
B.Tech,CS,8.97,2024,0,1,1,1,0,1,0,0,1,Cloud Engineer
MCA,IT,7.77,2026,1,1,0,0,0,0,0,1,0,UI/UX Designer
BCA,IT,6.29,2025,0,5,0,0,1,0,0,1,1,UI/UX Designer
MCA,AI,6.05,2027,1,0,1,0,0,1,1,1,0,Backend Developer
MCA,DS,7.77,2028,1,2,1,1,1,0,1,0,1,ML Engineer
BCA,CS,7.88,2026,0,3,0,0,1,1,0,1,1,UI/UX Designer
MCA,IT,6.33,2027,1,4,0,1,1,1,1,1,0,UI/UX Designer
B.Tech,DS,8.63,2026,1,3,0,1,1,1,0,0,1,Software Engineer
BCA,IT,6.46,2025,1,0,1,1,1,1,1,1,1,Data Scientist
B.Tech,AI,6.86,2025,1,0,0,0,0,1,1,1,0,UI/UX Designer
B.Tech,CS,8.18,2027,1,3,0,1,0,0,1,0,1,Software Engineer
BCA,DS,6.28,2024,0,1,1,0,0,1,1,0,0,Backend Developer
BCA,DS,7.13,2028,1,2,1,0,0,0,1,0,1,Backend Developer
B.Tech,IT,8.1,2025,0,3,0,0,0,0,1,0,0,Software Engineer
MCA,DS,6.27,2025,1,5,1,1,1,0,0,1,1,ML Engineer
B.Tech,CS,6.63,2026,1,3,0,1,0,0,0,1,0,UI/UX Designer
B.Tech,CS,9.38,2026,1,0,0,1,1,1,1,1,1,UI/UX Designer
MCA,DS,9.48,2025,1,5,0,0,0,1,0,0,1,Software Engineer
MCA,CS,9.26,2026,1,5,1,0,1,1,1,1,1,Data Scientist
BCA,AI,6.44,2027,0,5,1,1,1,0,1,0,1,ML Engineer
B.Tech,IT,7.01,2025,1,3,1,1,0,0,1,1,1,Full Stack Developer
MCA,DS,6.35,2024,1,0,1,0,0,0,0,1,0,UI/UX Designer
B.Tech,DS,8.09,2027,0,4,0,1,1,1,1,1,1,UI/UX Designer
BCA,AI,9.18,2028,1,1,0,0,1,1,1,1,0,UI/UX Designer
B.Tech,IT,8.17,2025,1,0,1,1,1,1,1,1,1,Data Scientist
B.Tech,AI,9.3,2027,0,4,1,1,1,1,0,1,0,Data Scientist
BCA,AI,8.37,2027,0,2,1,0,0,1,0,0,1,Cloud Engineer
B.Tech,CS,7.65,2024,0,3,1,1,1,0,0,0,1,ML Engineer
BCA,AI,7.64,2025,1,4,0,1,0,0,1,0,1,Software Engineer
MCA,IT,6.88,2026,1,2,0,0,0,0,1,0,1,Software Engineer
MCA,AI,8.43,2027,1,3,0,1,1,0,0,1,1,UI/UX Designer
MCA,AI,8.18,2026,0,5,1,0,1,1,0,0,1,Data Scientist
MCA,AI,6.83,2025,1,5,1,1,0,0,1,1,0,Full Stack Developer
MCA,IT,6.34,2026,1,5,0,0,0,1,1,0,1,Software Engineer
BCA,DS,9.68,2026,1,0,1,0,0,0,1,1,0,Backend Developer
BCA,CS,7.0,2024,1,2,1,0,0,0,1,1,0,Backend Developer
MCA,AI,9.48,2025,0,5,1,1,1,0,0,1,0,ML Engineer
BCA,DS,6.44,2025,0,3,1,1,1,0,0,0,0,ML Engineer
MCA,DS,9.57,2026,0,5,1,1,1,0,1,0,1,ML Engineer
MCA,AI,8.07,2026,0,3,1,0,1,1,0,1,0,Data Scientist
B.Tech,AI,6.93,2025,0,0,1,0,0,1,0,0,0,Software Engineer
B.Tech,IT,8.05,2025,0,5,0,0,0,1,0,0,1,Software Engineer
B.Tech,AI,6.2,2027,0,5,0,0,0,1,0,1,0,UI/UX Designer
MCA,CS,8.76,2028,1,3,0,1,1,1,0,1,0,UI/UX Designer
MCA,DS,6.28,2024,1,4,0,0,1,1,1,0,1,Software Engineer
BCA,DS,6.38,2024,0,3,0,0,0,1,1,1,1,UI/UX Designer
MCA,CS,7.19,2026,1,2,1,0,1,1,1,1,1,Data Scientist
B.Tech,AI,9.08,2028,0,4,0,1,0,0,0,0,1,Software Engineer
MCA,AI,7.34,2028,0,1,1,0,1,1,1,0,1,Data Scientist
MCA,IT,9.07,2028,0,4,1,0,0,1,1,0,1,Backend Developer
B.Tech,IT,9.31,2028,1,0,1,0,0,1,1,1,1,Backend Developer
BCA,IT,7.41,2026,0,0,0,0,0,0,1,1,1,UI/UX Designer
BCA,DS,7.57,2025,0,2,0,0,0,0,1,1,1,UI/UX Designer
BCA,CS,6.03,2026,0,1,1,0,1,1,1,0,0,Data Scientist
B.Tech,IT,7.44,2025,1,0,1,1,1,0,0,1,1,ML Engineer
MCA,DS,8.18,2027,1,0,1,0,1,0,1,0,1,ML Engineer
BCA,CS,6.92,2028,1,4,1,0,1,0,1,1,0,ML Engineer
B.Tech,CS,8.02,2025,1,2,0,1,1,1,0,1,0,UI/UX Designer
MCA,IT,8.89,2024,0,5,0,0,0,0,1,0,0,Software Engineer
B.Tech,DS,7.68,2026,1,4,1,1,1,1,1,0,1,Data Scientist
B.Tech,AI,9.16,2024,0,4,0,1,0,1,1,1,0,UI/UX Designer
MCA,IT,9.64,2027,0,2,1,1,0,1,0,1,1,UI/UX Designer
BCA,AI,9.49,2027,1,2,0,0,0,0,1,1,0,UI/UX Designer
BCA,IT,7.27,2028,0,2,0,1,0,1,0,1,1,UI/UX Designer
B.Tech,CS,8.45,2027,1,0,1,1,0,0,1,1,1,Full Stack Developer
B.Tech,IT,6.59,2026,0,4,1,1,0,0,1,1,0,Full Stack Developer
MCA,IT,8.74,2024,1,2,0,1,0,1,0,0,0,Software Engineer
BCA,IT,7.4,2028,1,3,0,1,1,1,0,0,1,Software Engineer
B.Tech,DS,9.32,2028,0,5,1,1,1,0,0,0,1,ML Engineer
BCA,CS,9.6,2025,1,2,0,1,0,0,1,1,0,UI/UX Designer
B.Tech,AI,6.85,2026,0,5,0,1,0,1,1,0,1,Software Engineer
MCA,DS,7.7,2024,0,0,1,0,0,0,1,1,0,Backend Developer
BCA,CS,6.18,2027,1,0,1,0,0,1,0,1,0,UI/UX Designer
B.Tech,AI,6.91,2027,0,5,0,1,0,0,0,1,1,UI/UX Designer
MCA,DS,9.73,2026,0,2,0,1,0,0,1,1,0,UI/UX Designer
BCA,AI,9.09,2025,1,5,0,1,0,0,1,0,0,Software Engineer
B.Tech,CS,9.01,2024,1,2,1,0,0,0,1,0,1,Backend Developer
B.Tech,AI,7.04,2026,1,3,1,1,1,0,0,1,1,ML Engineer
MCA,AI,9.04,2027,0,3,1,1,1,0,1,1,1,ML Engineer
BCA,DS,8.29,2027,0,5,0,1,1,0,0,1,1,UI/UX Designer
MCA,CS,6.29,2027,1,4,1,1,1,0,1,1,1,ML Engineer
B.Tech,AI,7.38,2028,0,4,0,0,0,1,0,0,0,Software Engineer
MCA,AI,7.51,2026,0,0,0,1,1,1,1,0,0,Software Engineer
MCA,DS,6.82,2028,1,5,0,0,1,1,0,1,1,UI/UX Designer
MCA,DS,9.79,2026,1,5,1,0,0,0,0,1,0,UI/UX Designer
B.Tech,IT,9.01,2025,1,0,0,1,1,0,0,1,0,UI/UX Designer
BCA,DS,8.0,2027,0,1,1,1,1,0,0,0,1,ML Engineer
B.Tech,DS,7.91,2024,0,4,1,0,1,1,1,0,0,Data Scientist
MCA,AI,9.21,2026,0,5,0,1,0,0,1,0,1,Software Engineer
MCA,AI,9.2,2028,0,0,1,0,1,0,0,0,0,ML Engineer
MCA,AI,8.44,2026,1,1,0,0,1,0,1,0,1,Software Engineer
BCA,DS,7.76,2026,0,2,1,1,1,0,0,0,1,ML Engineer
B.Tech,DS,6.47,2027,0,1,1,1,1,0,1,0,1,ML Engineer
BCA,AI,6.72,2025,1,4,0,0,1,1,1,0,0,Software Engineer
MCA,DS,9.67,2025,1,0,1,1,1,1,0,0,1,Data Scientist
BCA,IT,9.35,2026,1,2,0,1,1,1,1,0,0,Software Engineer
BCA,DS,8.9,2026,0,1,0,1,0,0,1,1,0,UI/UX Designer
MCA,DS,7.9,2024,0,1,0,1,1,1,1,0,0,Software Engineer
B.Tech,DS,9.76,2026,1,4,1,1,1,0,0,1,1,ML Engineer
BCA,AI,9.03,2024,1,2,1,1,1,0,1,1,0,ML Engineer
B.Tech,CS,6.72,2027,1,3,0,0,1,0,1,0,0,Software Engineer
MCA,IT,8.13,2027,1,2,0,1,0,1,1,0,0,Software Engineer
B.Tech,AI,8.12,2025,1,2,0,1,1,1,1,1,0,UI/UX Designer
B.Tech,DS,9.4,2027,1,1,0,1,1,1,1,1,1,UI/UX Designer
MCA,DS,6.81,2028,1,4,1,0,1,0,1,1,1,ML Engineer
MCA,IT,6.2,2027,1,5,1,0,0,0,0,0,0,Software Engineer
BCA,IT,8.87,2026,1,2,1,0,0,0,0,1,1,UI/UX Designer
B.Tech,DS,8.99,2025,1,0,0,0,0,0,0,1,0,UI/UX Designer
B.Tech,DS,7.04,2024,1,1,0,1,0,1,1,1,1,UI/UX Designer
B.Tech,DS,9.14,2028,1,0,1,1,0,0,1,1,0,Full Stack Developer
B.Tech,AI,7.46,2027,1,2,1,0,0,0,1,1,0,Backend Developer
BCA,AI,6.61,2028,1,5,1,0,1,1,0,0,0,Data Scientist
B.Tech,DS,8.84,2028,1,3,0,1,1,0,0,0,1,Software Engineer
MCA,CS,6.23,2028,0,4,1,0,0,0,1,1,0,Backend Developer
B.Tech,DS,9.07,2027,0,4,0,0,1,1,0,0,1,Software Engineer
BCA,CS,8.83,2028,0,0,1,1,0,1,1,0,1,Full Stack Developer
BCA,DS,6.68,2025,1,2,1,1,0,0,0,1,0,UI/UX Designer
B.Tech,IT,9.77,2027,0,5,1,1,1,1,0,0,1,Data Scientist
B.Tech,IT,7.75,2025,1,1,0,0,0,1,1,1,1,UI/UX Designer
B.Tech,CS,7.7,2024,0,5,0,0,1,0,0,0,0,Software Engineer
MCA,AI,6.89,2028,1,4,0,1,1,0,0,0,0,Software Engineer
BCA,CS,8.12,2028,0,5,1,0,1,0,0,1,1,ML Engineer
BCA,IT,7.14,2025,1,1,1,1,0,1,1,1,1,Full Stack Developer
MCA,IT,7.48,2026,0,2,0,1,0,1,0,1,1,UI/UX Designer
BCA,CS,9.32,2025,0,3,0,1,1,0,0,0,1,Software Engineer
MCA,DS,9.47,2028,0,3,0,1,1,0,0,0,0,Software Engineer
BCA,AI,7.95,2027,1,0,0,1,1,1,1,1,1,UI/UX Designer
MCA,IT,8.82,2024,1,4,1,1,0,1,1,1,0,Full Stack Developer
MCA,IT,7.9,2026,1,3,1,1,0,0,1,0,1,Full Stack Developer
B.Tech,CS,7.99,2024,0,0,1,1,0,1,0,0,1,Cloud Engineer
MCA,DS,7.42,2028,1,5,1,0,0,0,0,0,0,Software Engineer
MCA,AI,6.07,2027,0,0,1,0,0,1,0,0,1,Cloud Engineer
BCA,CS,7.42,2027,1,4,0,0,0,0,1,1,1,UI/UX Designer
BCA,DS,8.1,2024,0,5,0,0,1,0,0,0,1,Software Engineer
B.Tech,IT,9.42,2028,1,2,0,0,1,1,1,0,0,Software Engineer
B.Tech,IT,8.86,2027,0,2,0,0,1,0,0,1,0,UI/UX Designer
MCA,AI,6.2,2027,0,0,0,0,1,1,1,0,0,Software Engineer
B.Tech,AI,8.1,2027,1,1,1,1,1,0,1,1,1,ML Engineer
B.Tech,DS,8.7,2025,1,2,1,0,1,0,0,0,1,ML Engineer
BCA,CS,6.5,2025,1,3,1,0,0,0,1,1,1,Backend Developer
BCA,CS,7.11,2027,0,5,1,0,0,0,1,0,1,Backend Developer
BCA,DS,6.55,2025,1,2,0,0,1,0,0,1,1,UI/UX Designer
MCA,DS,8.26,2025,1,0,1,1,1,0,1,1,0,ML Engineer
BCA,AI,7.64,2028,0,2,0,1,0,1,1,1,1,UI/UX Designer
BCA,DS,9.68,2025,1,3,1,0,1,1,0,1,1,Data Scientist
MCA,DS,9.58,2025,1,2,1,1,1,0,0,0,0,ML Engineer
MCA,IT,8.72,2027,0,3,0,1,1,0,1,0,1,Software Engineer
B.Tech,AI,6.63,2028,0,4,1,1,1,0,1,0,0,ML Engineer
B.Tech,IT,7.69,2027,1,5,1,1,1,0,0,0,1,ML Engineer
B.Tech,CS,9.16,2025,1,2,0,1,0,1,0,1,1,UI/UX Designer
BCA,DS,7.21,2026,0,5,1,1,0,1,1,1,0,Full Stack Developer
MCA,IT,7.26,2027,1,1,0,0,1,0,0,0,0,Software Engineer
BCA,DS,7.48,2025,0,2,1,0,0,1,1,0,0,Backend Developer
B.Tech,AI,8.55,2027,1,4,0,0,0,1,1,0,1,Software Engineer
MCA,AI,9.49,2028,0,5,1,1,0,1,1,1,0,Full Stack Developer
BCA,IT,7.94,2027,0,4,0,1,0,0,1,0,0,Software Engineer
BCA,IT,6.71,2027,0,2,1,1,0,1,0,0,1,Cloud Engineer
MCA,DS,7.58,2027,1,1,0,1,0,0,1,1,1,UI/UX Designer
MCA,AI,6.64,2027,1,4,0,0,0,1,0,1,0,UI/UX Designer
BCA,CS,8.8,2025,1,0,0,0,1,1,0,1,0,UI/UX Designer
B.Tech,AI,9.27,2028,1,1,1,1,1,0,1,0,0,ML Engineer
BCA,AI,7.1,2026,0,1,0,0,0,0,1,1,0,UI/UX Designer
MCA,AI,9.15,2027,1,1,1,0,1,0,0,0,0,ML Engineer
MCA,AI,8.64,2026,1,3,1,1,1,1,0,0,1,Data Scientist
B.Tech,DS,9.13,2027,1,2,1,0,0,1,1,0,1,Backend Developer
B.Tech,DS,6.06,2025,1,3,1,1,0,1,1,0,0,Full Stack Developer
B.Tech,AI,6.95,2026,0,0,0,1,0,0,1,0,1,Software Engineer
B.Tech,DS,6.3,2028,0,4,1,1,0,1,0,0,0,Software Engineer
BCA,CS,6.87,2024,0,0,1,0,0,1,0,1,0,UI/UX Designer
B.Tech,CS,8.32,2025,1,2,1,1,1,0,1,0,0,ML Engineer
B.Tech,CS,8.24,2027,1,3,0,0,1,1,0,0,0,Software Engineer
MCA,CS,9.22,2026,0,4,1,0,0,1,0,0,1,Cloud Engineer
B.Tech,IT,7.9,2028,0,4,0,1,1,0,0,1,1,UI/UX Designer
MCA,IT,8.9,2024,0,4,0,1,1,0,1,1,1,UI/UX Designer
MCA,AI,8.39,2028,1,3,0,0,1,0,0,0,1,Software Engineer
MCA,IT,9.7,2025,1,3,1,0,0,1,0,1,0,UI/UX Designer
BCA,CS,7.72,2028,0,2,0,1,1,0,0,0,0,Software Engineer
BCA,AI,6.63,2025,1,5,0,0,0,0,0,0,1,Software Engineer
MCA,CS,7.89,2028,1,0,0,0,1,1,1,0,1,Software Engineer
B.Tech,CS,6.17,2024,0,0,1,0,1,0,1,0,0,ML Engineer
B.Tech,AI,6.94,2026,1,0,1,1,1,0,0,0,1,ML Engineer
B.Tech,DS,9.29,2026,1,0,1,0,0,0,0,0,1,Cloud Engineer
BCA,AI,8.25,2027,0,5,1,0,1,0,1,1,0,ML Engineer
MCA,CS,9.61,2024,1,5,0,0,0,1,0,0,1,Software Engineer
B.Tech,AI,6.35,2025,1,5,1,0,0,0,1,1,0,Backend Developer
MCA,CS,7.65,2025,0,2,1,1,0,0,0,1,0,UI/UX Designer
B.Tech,CS,9.59,2025,0,1,1,1,1,1,1,1,1,Data Scientist
MCA,AI,9.67,2025,1,2,0,0,1,1,1,1,0,UI/UX Designer
B.Tech,AI,6.56,2025,1,3,1,1,0,0,0,1,0,UI/UX Designer
MCA,IT,6.36,2024,0,0,0,1,1,0,0,1,1,UI/UX Designer
MCA,CS,8.21,2026,0,0,0,0,0,0,0,1,1,UI/UX Designer
B.Tech,DS,6.19,2028,1,5,0,0,1,0,0,1,0,UI/UX Designer
B.Tech,IT,7.04,2027,0,0,1,1,0,1,1,0,1,Full Stack Developer
BCA,DS,6.52,2025,0,5,0,1,1,1,1,0,0,Software Engineer
BCA,AI,6.68,2026,0,0,0,1,1,1,1,1,1,UI/UX Designer
B.Tech,IT,7.01,2024,0,4,1,0,1,1,0,0,0,Data Scientist
MCA,CS,8.67,2026,0,4,1,1,0,0,0,1,1,UI/UX Designer
B.Tech,IT,8.29,2024,1,0,0,1,1,0,1,0,0,Software Engineer
B.Tech,IT,8.23,2025,0,4,1,0,0,1,0,1,0,UI/UX Designer
BCA,IT,9.71,2027,1,5,1,0,1,1,0,1,1,Data Scientist
MCA,AI,6.48,2024,1,4,1,0,1,0,0,1,1,ML Engineer
BCA,CS,6.9,2026,0,5,0,0,1,0,0,1,0,UI/UX Designer
MCA,CS,7.33,2024,0,0,0,1,1,0,1,0,0,Software Engineer
BCA,DS,6.39,2027,0,1,1,1,1,0,1,1,1,ML Engineer
B.Tech,CS,7.3,2027,0,5,1,0,0,1,0,1,1,UI/UX Designer
MCA,DS,6.6,2024,1,1,0,0,1,1,0,1,0,UI/UX Designer
B.Tech,DS,8.17,2027,0,0,0,1,1,1,1,0,0,Software Engineer
B.Tech,CS,6.79,2026,0,3,1,0,1,0,1,1,0,ML Engineer
MCA,DS,6.7,2027,1,1,0,1,1,1,1,1,0,UI/UX Designer
BCA,CS,6.57,2024,0,5,1,0,1,1,1,1,0,Data Scientist
MCA,IT,7.81,2024,1,5,1,1,0,0,1,1,1,Full Stack Developer
B.Tech,IT,6.16,2024,1,1,0,0,0,1,0,0,0,Software Engineer
MCA,AI,9.26,2028,1,0,0,1,1,0,0,1,1,UI/UX Designer
MCA,CS,8.99,2028,1,3,1,0,1,0,0,0,0,ML Engineer
BCA,IT,8.35,2027,0,3,1,1,1,1,0,0,1,Data Scientist
BCA,AI,7.18,2027,0,1,1,0,0,1,1,1,0,Backend Developer
B.Tech,DS,6.8,2027,1,4,0,1,1,1,1,1,0,UI/UX Designer
MCA,CS,6.66,2025,0,1,1,0,0,0,1,1,0,Backend Developer
BCA,DS,8.41,2024,0,1,0,1,0,1,0,1,1,UI/UX Designer
B.Tech,AI,8.85,2024,1,0,1,1,1,0,1,1,1,ML Engineer
BCA,DS,7.95,2024,1,1,1,0,0,0,0,0,0,Software Engineer
BCA,AI,7.74,2025,1,2,0,0,0,1,1,1,1,UI/UX Designer
BCA,CS,7.28,2026,1,2,1,0,0,1,1,1,0,Backend Developer
MCA,AI,8.59,2024,1,2,1,1,0,0,0,0,1,Cloud Engineer
MCA,IT,8.61,2027,1,4,1,1,1,1,0,0,1,Data Scientist
MCA,AI,8.76,2028,0,5,1,0,0,1,0,1,0,UI/UX Designer
BCA,AI,6.99,2026,1,0,1,0,0,1,0,1,1,UI/UX Designer
MCA,AI,7.57,2025,0,1,1,0,0,1,0,0,1,Cloud Engineer
BCA,AI,8.4,2025,1,5,1,1,1,0,1,0,0,ML Engineer
BCA,CS,6.49,2027,1,3,0,0,1,1,0,0,0,Software Engineer
B.Tech,AI,8.88,2028,0,0,1,1,1,0,0,0,1,ML Engineer
BCA,AI,6.63,2024,1,2,0,0,0,1,1,0,0,Software Engineer
B.Tech,IT,9.6,2027,0,1,1,1,1,0,1,1,1,ML Engineer
MCA,CS,7.43,2026,0,4,0,0,0,0,0,0,1,Software Engineer
BCA,CS,8.08,2027,0,1,0,0,0,0,0,1,1,UI/UX Designer
B.Tech,CS,7.07,2024,1,1,0,1,1,0,1,0,1,Software Engineer
B.Tech,DS,9.46,2027,1,1,0,1,0,1,1,1,0,UI/UX Designer
MCA,CS,8.75,2024,1,5,0,0,0,0,1,0,0,Software Engineer
B.Tech,CS,9.24,2026,1,3,0,1,1,1,1,0,0,Software Engineer
BCA,DS,9.63,2026,0,2,0,0,0,0,0,0,1,Software Engineer
BCA,DS,9.04,2025,0,1,1,0,0,1,1,1,1,Backend Developer
MCA,DS,8.96,2028,0,5,0,0,0,1,1,1,0,UI/UX Designer
B.Tech,AI,8.49,2024,0,5,0,1,1,0,1,1,0,UI/UX Designer
B.Tech,CS,6.04,2025,1,3,1,0,1,0,1,1,1,ML Engineer
B.Tech,IT,8.09,2027,1,1,0,0,1,1,0,1,1,UI/UX Designer
BCA,CS,9.73,2024,0,3,0,1,1,1,0,1,1,UI/UX Designer
BCA,AI,9.14,2025,1,2,1,0,0,0,1,0,1,Backend Developer
BCA,AI,9.15,2026,1,5,1,1,1,0,0,0,0,ML Engineer
BCA,IT,6.71,2027,0,3,0,0,0,1,0,1,0,UI/UX Designer
BCA,IT,9.66,2024,0,4,0,1,0,1,0,0,1,Software Engineer
MCA,AI,7.92,2027,1,4,1,1,0,0,0,0,1,Cloud Engineer
B.Tech,DS,8.29,2028,1,5,0,1,1,1,1,1,0,UI/UX Designer
MCA,IT,7.91,2026,0,2,1,0,0,0,1,1,0,Backend Developer
BCA,IT,6.2,2024,0,2,1,1,1,1,0,0,0,Data Scientist
MCA,CS,7.36,2027,0,4,0,1,1,0,0,1,0,UI/UX Designer
BCA,AI,9.67,2024,0,5,0,1,0,1,0,1,1,UI/UX Designer
BCA,DS,6.67,2024,0,1,1,0,1,0,1,0,0,ML Engineer
B.Tech,AI,6.02,2027,0,0,0,1,0,1,1,1,0,UI/UX Designer
MCA,AI,8.0,2025,0,4,0,1,0,1,1,1,0,UI/UX Designer
MCA,AI,7.26,2026,0,4,0,1,1,0,1,0,0,Software Engineer
B.Tech,AI,7.45,2024,1,2,1,0,0,1,1,0,0,Backend Developer
MCA,IT,7.22,2024,0,1,1,0,1,1,1,0,1,Data Scientist
MCA,DS,8.46,2024,0,0,0,0,0,0,1,0,0,Software Engineer
BCA,CS,8.18,2025,1,3,1,1,0,0,0,0,0,Software Engineer
MCA,CS,8.03,2028,0,5,1,1,1,1,1,0,1,Data Scientist
BCA,DS,7.45,2024,1,1,0,0,1,0,1,1,0,UI/UX Designer
B.Tech,IT,6.47,2024,1,4,0,0,1,1,0,1,1,UI/UX Designer
B.Tech,IT,6.84,2026,0,0,0,1,0,1,0,1,0,UI/UX Designer
B.Tech,IT,8.76,2027,1,2,0,0,1,0,1,0,1,Software Engineer
BCA,DS,7.25,2026,0,4,0,0,0,1,0,0,1,Software Engineer
B.Tech,DS,7.05,2026,0,5,1,1,1,0,0,1,0,ML Engineer
MCA,CS,6.67,2028,0,2,1,1,1,1,1,1,1,Data Scientist
MCA,DS,8.92,2025,0,4,0,0,1,0,0,0,0,Software Engineer
B.Tech,DS,7.9,2024,1,2,1,1,0,1,1,0,1,Full Stack Developer
MCA,IT,8.8,2027,1,0,0,0,0,0,1,0,0,Software Engineer
B.Tech,IT,7.97,2026,1,3,0,1,0,0,1,1,0,UI/UX Designer
MCA,IT,7.43,2027,1,4,1,0,0,1,0,1,1,UI/UX Designer
BCA,DS,9.37,2024,0,3,0,1,1,0,1,1,1,UI/UX Designer
B.Tech,AI,8.29,2024,0,3,0,0,0,1,0,0,0,Software Engineer
MCA,DS,6.09,2024,0,4,1,0,1,1,1,0,0,Data Scientist
B.Tech,DS,8.28,2028,0,5,0,0,0,0,0,0,1,Software Engineer
B.Tech,DS,8.28,2028,0,4,1,0,0,1,1,1,0,Backend Developer
BCA,IT,6.41,2025,1,1,1,0,1,1,0,0,1,Data Scientist
MCA,IT,9.43,2028,0,5,0,0,1,0,0,0,1,Software Engineer
BCA,AI,8.24,2028,0,3,1,1,1,0,1,0,1,ML Engineer
BCA,IT,6.02,2024,0,4,0,1,1,0,0,1,1,UI/UX Designer
B.Tech,DS,8.48,2026,1,4,0,1,0,1,1,1,0,UI/UX Designer
B.Tech,AI,8.12,2027,1,2,1,1,1,1,0,1,1,Data Scientist
B.Tech,IT,7.93,2026,0,1,1,1,0,0,0,1,0,UI/UX Designer
B.Tech,AI,6.84,2024,0,5,1,0,0,0,1,1,0,Backend Developer
B.Tech,IT,9.23,2028,1,1,1,1,1,0,0,1,1,ML Engineer
B.Tech,CS,9.79,2027,1,5,0,0,0,0,1,0,0,Software Engineer
MCA,AI,7.32,2026,0,4,1,1,0,0,0,0,1,Cloud Engineer
MCA,CS,8.12,2028,1,2,0,1,1,0,1,0,1,Software Engineer
BCA,DS,8.59,2028,0,3,0,1,1,1,1,1,0,UI/UX Designer
BCA,AI,7.96,2024,1,1,0,1,0,1,0,0,1,Software Engineer
BCA,AI,6.83,2028,1,1,1,0,1,1,0,0,1,Data Scientist
B.Tech,IT,9.17,2028,1,1,0,1,0,0,0,1,0,UI/UX Designer
BCA,AI,7.87,2028,1,3,0,0,0,1,0,0,1,Software Engineer
BCA,CS,7.91,2027,0,3,0,1,1,0,0,0,1,Software Engineer
MCA,CS,7.24,2028,1,1,0,1,1,0,0,0,1,Software Engineer
BCA,DS,6.8,2026,1,3,1,0,1,1,1,1,0,Data Scientist
B.Tech,DS,9.25,2025,0,5,1,1,0,0,0,0,1,Cloud Engineer
MCA,AI,8.98,2026,1,4,0,1,0,0,1,1,0,UI/UX Designer
BCA,CS,7.71,2026,1,2,0,1,0,0,0,0,1,Software Engineer
MCA,IT,8.19,2028,0,2,1,1,1,0,1,0,1,ML Engineer
BCA,IT,9.3,2026,1,5,1,1,1,1,0,1,1,Data Scientist
BCA,AI,8.7,2028,1,2,1,0,0,0,1,0,1,Backend Developer
B.Tech,IT,8.52,2024,0,1,1,1,1,1,0,0,0,Data Scientist
BCA,CS,6.39,2028,0,0,1,0,0,0,1,0,0,Backend Developer
B.Tech,IT,6.11,2026,1,3,1,1,0,0,1,1,0,Full Stack Developer
MCA,AI,9.45,2027,0,0,1,1,1,0,0,1,1,ML Engineer
B.Tech,CS,7.99,2025,1,2,1,1,1,1,1,0,1,Data Scientist
BCA,IT,9.03,2028,1,1,1,0,1,1,1,0,1,Data Scientist
B.Tech,AI,6.3,2025,1,2,1,1,1,0,0,1,1,ML Engineer
B.Tech,DS,8.35,2026,1,1,1,1,0,0,0,0,1,Cloud Engineer
BCA,AI,6.48,2027,0,1,1,0,0,0,0,0,0,Software Engineer
BCA,DS,9.79,2027,0,2,0,0,0,1,0,1,1,UI/UX Designer
B.Tech,IT,9.4,2026,1,0,0,0,0,1,1,0,1,Software Engineer
BCA,CS,7.98,2025,1,3,0,0,1,1,0,0,0,Software Engineer
MCA,AI,6.76,2024,0,0,1,1,0,0,0,1,1,UI/UX Designer
BCA,IT,6.03,2024,1,5,0,1,1,0,0,1,0,UI/UX Designer
MCA,AI,9.54,2024,0,2,0,1,0,0,0,1,0,UI/UX Designer
BCA,IT,6.08,2027,1,5,0,0,0,1,0,1,1,UI/UX Designer
B.Tech,IT,8.07,2026,1,2,0,1,0,1,1,1,1,UI/UX Designer
BCA,CS,8.95,2028,1,5,0,0,0,1,1,1,1,UI/UX Designer
B.Tech,DS,8.91,2025,1,2,0,0,1,0,1,0,1,Software Engineer
B.Tech,CS,6.77,2027,0,0,1,1,0,0,0,0,0,Software Engineer
MCA,CS,6.05,2025,1,0,0,1,1,1,0,1,0,UI/UX Designer
MCA,CS,8.79,2026,0,1,1,0,1,1,1,0,1,Data Scientist
MCA,IT,8.12,2028,1,5,0,0,0,1,0,0,0,Software Engineer
MCA,DS,7.92,2025,1,2,0,1,1,1,0,0,0,Software Engineer
MCA,IT,7.43,2028,1,2,1,1,1,1,1,1,0,Data Scientist
MCA,IT,9.77,2026,0,2,1,1,1,0,0,1,0,ML Engineer
B.Tech,DS,7.35,2025,1,2,0,0,1,0,1,0,0,Software Engineer
MCA,CS,8.75,2027,0,3,0,0,1,1,0,1,0,UI/UX Designer
BCA,DS,7.58,2024,0,5,0,1,0,1,0,0,1,Software Engineer
BCA,IT,6.58,2027,1,4,0,1,0,1,0,1,0,UI/UX Designer
BCA,CS,7.81,2024,1,2,0,0,1,1,1,0,0,Software Engineer
BCA,DS,8.48,2025,0,1,0,1,1,0,0,1,0,UI/UX Designer
BCA,AI,7.32,2026,1,4,0,1,1,1,0,0,1,Software Engineer
B.Tech,IT,6.76,2026,0,5,0,1,0,1,1,0,1,Software Engineer
BCA,CS,7.16,2027,0,2,0,0,0,0,0,1,0,UI/UX Designer
BCA,CS,6.97,2024,1,1,0,0,0,1,1,0,0,Software Engineer
MCA,AI,9.28,2024,1,5,1,0,1,0,0,1,1,ML Engineer
B.Tech,IT,7.9,2027,0,0,1,0,1,0,1,1,0,ML Engineer
BCA,AI,7.35,2026,0,4,0,1,1,1,1,0,0,Software Engineer
B.Tech,AI,9.41,2025,0,5,1,0,1,1,0,1,0,Data Scientist
MCA,AI,7.71,2025,0,5,1,0,1,0,0,1,1,ML Engineer
MCA,IT,7.21,2028,0,1,0,0,0,1,0,1,0,UI/UX Designer
BCA,AI,6.58,2025,0,1,1,0,0,1,1,1,1,Backend Developer
BCA,CS,8.61,2027,0,4,0,0,1,0,0,0,0,Software Engineer
B.Tech,IT,6.86,2027,0,2,1,1,0,1,1,1,0,Full Stack Developer
MCA,DS,8.61,2027,0,3,1,0,0,0,0,0,1,Cloud Engineer
BCA,DS,9.14,2024,0,4,1,0,1,1,1,0,0,Data Scientist
BCA,AI,8.94,2026,1,1,1,0,1,0,0,1,1,ML Engineer
MCA,CS,6.68,2028,0,3,1,1,0,0,1,1,0,Full Stack Developer
BCA,CS,6.95,2025,0,0,1,1,1,0,0,1,0,ML Engineer
MCA,DS,6.17,2025,1,4,0,1,1,0,1,0,1,Software Engineer
BCA,DS,7.1,2025,0,1,0,0,0,0,0,1,1,UI/UX Designer
MCA,CS,8.31,2027,0,1,0,0,1,0,1,1,1,UI/UX Designer
MCA,AI,8.36,2028,0,0,1,1,1,1,0,0,0,Data Scientist
MCA,AI,7.26,2024,0,0,0,0,0,1,0,0,0,Software Engineer
B.Tech,CS,8.92,2026,1,3,1,0,0,1,0,1,1,UI/UX Designer
MCA,AI,7.25,2027,0,5,0,1,0,1,1,0,0,Software Engineer
MCA,AI,6.99,2028,1,1,0,0,0,0,1,1,1,UI/UX Designer
B.Tech,CS,6.09,2024,0,4,1,1,1,0,0,1,0,ML Engineer
MCA,IT,8.62,2026,0,2,1,1,0,1,1,0,0,Full Stack Developer
MCA,CS,9.16,2025,1,2,1,1,0,0,1,1,1,Full Stack Developer
MCA,AI,7.76,2027,0,4,1,1,0,0,1,0,1,Full Stack Developer
B.Tech,AI,9.19,2026,1,5,1,1,0,0,1,1,0,Full Stack Developer
BCA,DS,6.33,2025,1,3,0,1,0,0,1,1,0,UI/UX Designer
B.Tech,CS,7.69,2024,1,4,1,0,1,0,0,1,0,ML Engineer
B.Tech,IT,6.78,2024,1,3,0,0,1,1,1,1,0,UI/UX Designer
B.Tech,CS,7.98,2026,0,4,0,0,1,0,0,1,1,UI/UX Designer
MCA,AI,8.94,2024,1,1,1,0,1,0,0,1,1,ML Engineer
MCA,AI,7.03,2026,0,1,0,1,0,0,0,0,1,Software Engineer
BCA,CS,6.4,2024,0,3,0,1,1,1,0,0,0,Software Engineer
MCA,CS,9.7,2027,0,0,1,0,1,1,1,1,0,Data Scientist
B.Tech,IT,9.27,2028,1,2,1,0,1,1,1,1,0,Data Scientist
B.Tech,DS,6.43,2027,1,1,1,0,1,1,1,1,0,Data Scientist
MCA,CS,9.01,2028,1,3,1,1,0,0,1,0,1,Full Stack Developer
BCA,IT,9.09,2028,1,3,1,0,0,0,1,1,0,Backend Developer
BCA,CS,9.12,2025,1,3,1,0,0,0,1,0,1,Backend Developer
B.Tech,IT,9.37,2024,0,5,0,0,1,1,1,0,0,Software Engineer
MCA,AI,7.14,2026,1,5,0,1,1,1,1,0,0,Software Engineer
BCA,CS,6.0,2028,1,0,1,0,0,1,0,1,0,UI/UX Designer
BCA,DS,7.65,2025,0,3,1,0,0,1,1,1,1,Backend Developer
MCA,IT,6.51,2024,0,1,0,0,1,1,1,0,1,Software Engineer
MCA,DS,8.37,2027,1,4,1,1,0,0,0,1,1,UI/UX Designer
MCA,DS,9.22,2025,1,3,1,1,1,0,0,1,0,ML Engineer
MCA,CS,6.54,2028,1,3,1,0,0,1,1,0,1,Backend Developer
BCA,CS,7.78,2028,1,4,0,0,0,1,0,1,0,UI/UX Designer
MCA,AI,8.76,2028,1,0,1,1,1,1,1,0,0,Data Scientist
B.Tech,IT,7.92,2026,1,1,1,0,0,1,0,1,1,UI/UX Designer
MCA,DS,7.41,2025,1,5,1,1,1,0,0,0,0,ML Engineer
MCA,IT,9.18,2027,1,1,0,1,0,0,1,0,0,Software Engineer
B.Tech,IT,7.76,2027,1,3,1,0,0,1,0,1,0,UI/UX Designer
B.Tech,AI,9.52,2027,1,5,0,1,1,1,1,0,1,Software Engineer
BCA,AI,9.05,2026,1,3,1,0,0,1,1,1,1,Backend Developer
B.Tech,CS,7.56,2028,0,5,0,0,1,0,1,0,0,Software Engineer
B.Tech,CS,6.22,2028,0,4,1,1,0,1,1,0,0,Full Stack Developer
MCA,IT,6.96,2027,0,5,0,0,0,0,1,0,0,Software Engineer
BCA,CS,7.45,2026,0,2,1,1,1,1,1,0,0,Data Scientist
B.Tech,DS,6.41,2028,1,1,1,0,1,0,1,0,1,ML Engineer
MCA,AI,8.95,2024,1,1,0,1,1,0,0,0,0,Software Engineer
MCA,CS,7.96,2027,1,3,0,0,1,1,0,1,1,UI/UX Designer
MCA,AI,7.27,2026,1,0,1,0,0,0,1,1,0,Backend Developer
B.Tech,CS,9.68,2025,1,5,0,1,1,0,1,1,0,UI/UX Designer
B.Tech,CS,6.73,2028,0,3,1,0,1,1,0,1,0,Data Scientist
BCA,CS,7.28,2024,1,0,1,0,1,1,1,0,0,Data Scientist
BCA,CS,7.79,2028,0,1,0,1,0,0,0,0,0,Software Engineer
MCA,IT,9.17,2024,0,0,0,0,0,0,1,0,1,Software Engineer
BCA,CS,9.71,2028,0,2,1,0,0,0,1,1,1,Backend Developer
B.Tech,DS,6.64,2026,0,3,0,0,0,1,0,0,1,Software Engineer
BCA,CS,6.02,2025,0,5,0,0,0,0,1,0,0,Software Engineer
MCA,DS,7.57,2025,0,4,1,1,1,0,0,0,1,ML Engineer
MCA,IT,6.73,2028,0,4,0,1,0,1,1,1,0,UI/UX Designer
B.Tech,IT,8.6,2027,1,1,1,0,1,0,1,0,0,ML Engineer
BCA,AI,8.34,2027,0,0,0,0,0,1,1,0,1,Software Engineer
B.Tech,DS,8.25,2026,1,1,0,0,0,0,1,0,0,Software Engineer
MCA,DS,9.31,2027,0,0,1,0,0,1,0,0,0,Software Engineer
B.Tech,DS,7.42,2027,0,5,1,1,0,1,0,0,1,Cloud Engineer
BCA,IT,6.42,2027,1,3,1,1,0,1,0,0,0,Software Engineer
B.Tech,DS,9.26,2027,0,4,0,1,0,1,0,0,0,Software Engineer
BCA,DS,8.2,2028,0,4,1,1,1,0,1,0,0,ML Engineer
MCA,DS,7.82,2024,1,3,0,1,0,0,1,0,1,Software Engineer
BCA,IT,8.46,2024,0,3,0,0,0,1,0,0,1,Software Engineer
MCA,DS,6.7,2026,1,5,1,0,1,0,1,1,0,ML Engineer
BCA,IT,8.99,2024,1,5,0,0,1,1,0,1,1,UI/UX Designer
MCA,CS,7.39,2025,0,4,0,1,0,0,1,1,1,UI/UX Designer
MCA,IT,7.22,2026,1,2,0,0,1,0,0,1,0,UI/UX Designer
BCA,AI,7.72,2026,0,1,0,0,1,1,1,1,0,UI/UX Designer
B.Tech,IT,7.05,2025,1,1,1,0,0,1,0,1,0,UI/UX Designer
BCA,DS,8.8,2024,1,1,0,0,1,1,0,1,1,UI/UX Designer
BCA,DS,7.74,2028,0,2,0,0,0,1,1,1,1,UI/UX Designer
B.Tech,AI,7.08,2025,0,5,0,1,0,1,1,1,0,UI/UX Designer
B.Tech,AI,8.18,2027,1,2,1,0,0,0,0,0,0,Software Engineer
BCA,IT,8.03,2024,0,3,0,0,0,1,1,0,1,Software Engineer
MCA,AI,7.8,2026,0,4,1,0,1,1,0,0,1,Data Scientist
BCA,CS,7.53,2025,1,2,1,1,0,1,0,0,0,Software Engineer
B.Tech,CS,8.05,2027,0,4,0,1,0,0,0,1,0,UI/UX Designer
B.Tech,DS,7.4,2026,0,2,1,0,1,1,0,1,1,Data Scientist
MCA,DS,9.05,2026,0,5,1,1,1,1,0,0,1,Data Scientist
BCA,AI,6.25,2028,1,0,1,1,0,0,0,0,1,Cloud Engineer
B.Tech,IT,9.16,2026,1,0,0,1,1,1,0,1,0,UI/UX Designer
B.Tech,AI,7.14,2027,0,5,1,1,1,1,0,0,0,Data Scientist
BCA,DS,9.78,2024,1,4,1,1,0,1,0,0,0,Software Engineer
BCA,IT,8.21,2025,1,3,1,1,1,1,0,1,0,Data Scientist
MCA,AI,6.19,2026,0,4,0,1,0,0,1,1,1,UI/UX Designer
BCA,AI,6.36,2028,1,1,0,0,0,0,1,1,1,UI/UX Designer
B.Tech,CS,6.83,2028,0,1,0,0,1,1,1,1,1,UI/UX Designer
BCA,AI,7.18,2026,0,3,0,1,1,0,0,0,0,Software Engineer
MCA,IT,8.61,2026,0,1,1,0,1,0,0,0,0,ML Engineer
BCA,CS,6.75,2024,0,3,0,0,1,0,0,0,1,Software Engineer
B.Tech,IT,8.23,2025,0,5,0,1,0,0,1,0,0,Software Engineer
B.Tech,IT,7.92,2024,0,4,1,0,0,0,1,1,1,Backend Developer
B.Tech,DS,7.39,2028,0,3,0,0,0,1,0,0,0,Software Engineer
BCA,CS,8.89,2026,0,3,0,0,1,1,1,0,0,Software Engineer
BCA,DS,6.44,2026,1,4,0,0,1,1,1,0,0,Software Engineer
B.Tech,DS,9.57,2026,0,0,1,1,0,1,1,1,0,Full Stack Developer
BCA,DS,8.64,2024,0,0,1,0,1,1,0,0,0,Data Scientist
BCA,DS,7.06,2028,1,5,1,0,1,0,1,0,0,ML Engineer
BCA,CS,6.46,2027,1,1,1,1,1,1,1,1,0,Data Scientist
B.Tech,DS,8.3,2026,0,2,0,0,0,0,0,1,0,UI/UX Designer
BCA,AI,8.06,2028,0,0,0,0,1,1,0,1,1,UI/UX Designer
BCA,CS,6.12,2028,1,5,1,0,1,1,1,1,1,Data Scientist
B.Tech,DS,8.51,2028,1,3,0,1,1,0,1,1,1,UI/UX Designer
BCA,AI,6.23,2028,0,1,0,0,1,1,1,1,1,UI/UX Designer
BCA,AI,7.57,2024,0,1,1,1,0,1,1,0,1,Full Stack Developer
B.Tech,CS,8.05,2024,1,5,0,1,0,0,1,0,1,Software Engineer
BCA,DS,7.23,2024,1,0,1,1,1,0,1,0,1,ML Engineer
BCA,IT,7.89,2024,0,2,0,1,1,1,0,1,1,UI/UX Designer
MCA,AI,7.04,2028,1,3,1,0,1,1,0,0,0,Data Scientist
B.Tech,DS,7.53,2028,1,5,0,1,0,1,1,1,1,UI/UX Designer
MCA,DS,9.55,2024,0,2,0,0,0,1,0,1,1,UI/UX Designer
BCA,CS,8.41,2027,1,2,1,0,0,0,1,1,1,Backend Developer
B.Tech,CS,6.93,2026,1,3,0,1,0,1,0,0,0,Software Engineer
B.Tech,AI,9.0,2026,0,5,1,1,0,0,0,1,0,UI/UX Designer
B.Tech,DS,9.41,2024,1,5,0,1,0,0,0,1,1,UI/UX Designer
B.Tech,CS,8.94,2026,1,4,0,0,0,0,1,1,0,UI/UX Designer
B.Tech,AI,7.67,2026,0,3,1,0,1,0,0,0,0,ML Engineer
B.Tech,AI,7.81,2026,1,0,1,0,1,1,1,0,1,Data Scientist
MCA,CS,8.03,2025,1,3,0,0,0,1,1,1,1,UI/UX Designer
B.Tech,IT,9.48,2026,1,0,0,1,1,1,0,0,1,Software Engineer
B.Tech,IT,8.65,2028,0,2,1,0,1,1,1,1,1,Data Scientist
MCA,IT,6.01,2025,1,2,1,1,1,0,0,0,1,ML Engineer
BCA,DS,9.32,2025,1,1,0,0,0,0,0,1,1,UI/UX Designer
BCA,DS,9.59,2028,0,0,1,1,0,0,1,1,0,Full Stack Developer
B.Tech,DS,8.35,2028,1,1,0,0,0,1,0,1,0,UI/UX Designer
MCA,DS,6.45,2025,0,2,0,1,0,0,0,1,1,UI/UX Designer
BCA,IT,7.59,2027,0,0,1,1,1,0,1,0,0,ML Engineer
B.Tech,CS,7.78,2026,1,5,1,1,0,1,0,1,1,UI/UX Designer
B.Tech,AI,9.54,2027,1,4,0,1,1,1,0,0,0,Software Engineer
B.Tech,CS,8.21,2026,0,4,0,0,1,1,1,1,1,UI/UX Designer
B.Tech,AI,6.44,2024,0,3,1,1,1,0,0,1,1,ML Engineer
BCA,IT,7.2,2027,0,4,1,1,1,1,1,1,1,Data Scientist
B.Tech,DS,6.99,2027,1,0,1,0,0,0,0,0,0,Software Engineer
B.Tech,IT,6.47,2024,0,2,1,0,1,1,1,1,1,Data Scientist
B.Tech,IT,8.92,2024,1,0,0,0,1,0,0,0,1,Software Engineer
B.Tech,CS,7.75,2027,1,5,1,0,1,1,0,1,0,Data Scientist
B.Tech,CS,9.05,2026,1,0,1,0,1,0,1,1,0,ML Engineer
BCA,CS,6.08,2025,0,3,0,1,0,1,1,0,0,Software Engineer
MCA,AI,9.43,2028,0,2,1,1,0,0,1,1,1,Full Stack Developer
BCA,DS,6.34,2027,1,4,0,1,0,1,1,1,1,UI/UX Designer
MCA,IT,8.46,2025,1,4,0,1,1,0,0,1,1,UI/UX Designer
B.Tech,IT,8.6,2026,0,4,0,1,1,1,0,1,1,UI/UX Designer
BCA,CS,7.77,2028,1,2,1,1,0,0,0,0,1,Cloud Engineer
BCA,CS,6.32,2026,1,4,1,0,0,0,1,0,0,Backend Developer
B.Tech,AI,9.31,2024,1,4,1,1,1,1,0,0,0,Data Scientist
BCA,DS,9.3,2028,1,2,0,0,1,0,0,0,1,Software Engineer
B.Tech,CS,9.1,2025,0,1,1,1,1,0,0,0,0,ML Engineer
BCA,IT,7.8,2024,0,1,1,0,0,1,0,0,1,Cloud Engineer
B.Tech,AI,8.16,2027,0,2,0,1,1,1,0,1,0,UI/UX Designer
BCA,DS,7.85,2028,1,1,0,0,1,1,1,1,0,UI/UX Designer
BCA,CS,7.88,2026,1,5,0,0,1,1,0,1,1,UI/UX Designer
BCA,IT,7.93,2028,1,4,1,0,0,1,0,1,1,UI/UX Designer
B.Tech,IT,7.07,2024,1,1,1,0,1,1,1,1,1,Data Scientist
BCA,IT,6.8,2024,0,2,0,0,0,1,0,1,1,UI/UX Designer
BCA,CS,8.35,2024,0,3,1,1,0,0,0,0,1,Cloud Engineer
MCA,CS,9.52,2027,1,0,1,1,1,0,1,0,0,ML Engineer
BCA,IT,8.77,2027,1,5,0,0,0,0,0,0,0,Software Engineer
BCA,DS,8.92,2024,0,3,0,0,1,1,0,0,0,Software Engineer
BCA,IT,6.58,2028,1,1,1,1,0,0,1,1,1,Full Stack Developer
BCA,IT,8.93,2028,0,0,0,1,1,1,1,1,0,UI/UX Designer
B.Tech,IT,9.43,2024,1,3,1,1,1,0,1,0,1,ML Engineer
MCA,DS,7.7,2025,1,5,1,1,1,1,0,1,0,Data Scientist
BCA,IT,7.98,2028,1,1,1,1,0,1,0,0,1,Cloud Engineer
B.Tech,AI,8.76,2028,0,5,0,1,1,0,0,0,1,Software Engineer
BCA,AI,8.18,2024,1,2,0,1,1,1,0,0,0,Software Engineer
MCA,IT,6.4,2028,0,2,0,0,1,1,1,0,1,Software Engineer
B.Tech,DS,9.38,2027,0,3,1,0,0,1,1,0,0,Backend Developer
BCA,DS,8.78,2027,0,1,0,1,1,1,1,1,1,UI/UX Designer
BCA,CS,8.84,2028,1,0,0,1,1,0,0,0,1,Software Engineer
B.Tech,AI,7.16,2026,1,2,1,0,0,1,1,0,0,Backend Developer
BCA,IT,6.7,2027,0,0,1,0,0,0,1,0,1,Backend Developer
BCA,DS,7.81,2028,0,1,1,0,0,1,1,1,1,Backend Developer
BCA,IT,9.42,2026,0,5,1,1,1,0,1,0,1,ML Engineer
MCA,CS,6.73,2028,0,4,1,1,0,0,0,1,0,UI/UX Designer
B.Tech,IT,9.15,2028,1,0,0,1,0,0,0,0,1,Software Engineer
B.Tech,DS,6.09,2028,1,3,1,1,0,1,0,1,1,UI/UX Designer
B.Tech,AI,8.92,2025,1,3,1,0,0,0,0,1,0,UI/UX Designer
BCA,CS,7.22,2027,1,2,0,0,1,0,0,0,1,Software Engineer
MCA,DS,9.61,2026,0,2,1,0,0,0,0,0,1,Cloud Engineer
B.Tech,AI,8.11,2028,0,1,1,1,0,1,0,1,0,UI/UX Designer
BCA,IT,8.97,2028,1,4,0,1,1,1,0,0,0,Software Engineer
B.Tech,DS,7.04,2026,1,2,1,0,0,1,1,0,0,Backend Developer
BCA,CS,9.16,2028,1,3,0,1,0,0,0,1,0,UI/UX Designer
MCA,AI,7.3,2027,1,0,0,1,1,1,1,1,0,UI/UX Designer
MCA,DS,8.9,2028,0,5,0,0,1,0,0,0,1,Software Engineer
BCA,IT,9.19,2024,0,3,0,0,1,0,1,1,1,UI/UX Designer
MCA,AI,6.73,2028,1,5,1,0,1,0,0,0,1,ML Engineer
MCA,IT,6.03,2027,0,2,0,0,1,1,0,1,1,UI/UX Designer
B.Tech,AI,9.55,2025,1,1,1,0,0,0,0,0,0,Software Engineer
BCA,DS,7.04,2028,1,3,0,1,1,0,1,0,1,Software Engineer
BCA,CS,7.49,2026,0,4,1,0,0,0,1,1,1,Backend Developer
BCA,AI,6.24,2024,0,3,0,0,1,0,0,0,0,Software Engineer
B.Tech,AI,9.16,2026,0,0,1,0,1,1,0,0,1,Data Scientist
BCA,AI,9.38,2024,0,0,1,0,1,0,0,0,0,ML Engineer
MCA,CS,7.12,2027,1,0,1,0,1,1,0,0,0,Data Scientist
MCA,CS,7.29,2024,1,4,1,0,0,1,1,1,1,Backend Developer
MCA,IT,8.42,2026,1,3,1,0,0,0,0,0,0,Software Engineer
B.Tech,AI,8.22,2028,1,2,1,1,0,0,0,0,0,Software Engineer
B.Tech,IT,6.22,2028,0,3,0,0,1,1,1,1,1,UI/UX Designer
MCA,DS,8.64,2027,1,4,1,0,0,0,0,1,0,UI/UX Designer
B.Tech,DS,6.83,2024,0,5,1,1,1,1,0,0,1,Data Scientist
B.Tech,DS,6.7,2024,1,0,0,1,0,0,1,1,1,UI/UX Designer
B.Tech,AI,6.17,2024,0,1,0,1,0,0,0,1,1,UI/UX Designer
B.Tech,IT,6.08,2026,0,0,1,0,0,1,0,1,0,UI/UX Designer
B.Tech,AI,9.08,2025,1,5,0,1,0,1,0,1,1,UI/UX Designer
MCA,AI,7.21,2027,0,0,0,0,0,0,0,0,1,Software Engineer
B.Tech,DS,6.8,2024,1,5,0,1,0,1,0,0,1,Software Engineer
BCA,AI,8.0,2027,1,3,0,0,1,1,1,1,0,UI/UX Designer
B.Tech,DS,6.83,2027,1,4,1,1,0,0,0,0,1,Cloud Engineer
BCA,AI,6.87,2024,1,4,0,1,1,0,0,0,1,Software Engineer
BCA,AI,7.04,2024,0,3,1,1,1,1,1,1,1,Data Scientist
BCA,IT,6.37,2024,1,0,0,1,0,1,0,1,0,UI/UX Designer
B.Tech,IT,9.79,2028,1,0,0,1,0,1,1,1,1,UI/UX Designer
MCA,IT,9.29,2025,0,5,1,1,1,1,1,0,1,Data Scientist
BCA,IT,7.63,2027,0,3,0,1,0,1,1,1,0,UI/UX Designer
BCA,AI,7.29,2027,1,5,1,0,1,0,0,1,0,ML Engineer
BCA,DS,9.72,2025,1,0,1,1,1,0,0,0,0,ML Engineer
B.Tech,IT,6.4,2028,0,0,1,0,1,0,1,1,1,ML Engineer
B.Tech,IT,7.11,2028,0,3,1,0,0,0,0,1,1,UI/UX Designer
B.Tech,CS,6.49,2027,1,5,0,1,0,0,1,1,1,UI/UX Designer
MCA,DS,6.6,2028,1,4,0,1,0,0,0,1,1,UI/UX Designer
B.Tech,DS,8.3,2025,1,4,0,1,1,0,0,0,1,Software Engineer
BCA,AI,7.49,2025,1,1,1,1,1,0,0,1,1,ML Engineer
MCA,CS,6.91,2025,1,5,0,1,1,1,0,0,1,Software Engineer
B.Tech,CS,7.92,2026,1,3,1,0,0,1,1,0,1,Backend Developer
MCA,DS,7.45,2027,0,3,0,1,0,0,1,0,0,Software Engineer
BCA,DS,6.26,2028,0,5,0,0,1,0,0,1,1,UI/UX Designer
MCA,CS,6.67,2024,1,1,1,0,1,1,0,0,0,Data Scientist
B.Tech,CS,9.39,2028,0,3,0,0,1,0,1,1,0,UI/UX Designer
B.Tech,DS,8.92,2025,1,1,0,0,1,1,1,0,0,Software Engineer
B.Tech,CS,6.84,2024,0,5,0,0,0,1,0,0,1,Software Engineer
MCA,IT,9.55,2027,1,0,0,0,1,0,1,1,0,UI/UX Designer
BCA,AI,6.05,2025,1,1,0,0,0,1,1,0,0,Software Engineer
BCA,DS,9.74,2024,0,2,0,1,1,0,0,0,1,Software Engineer
MCA,DS,6.26,2024,1,3,0,1,1,0,1,0,1,Software Engineer
MCA,DS,8.88,2028,0,0,0,0,0,0,0,1,0,UI/UX Designer
B.Tech,CS,6.9,2028,1,5,0,1,1,1,0,0,1,Software Engineer
B.Tech,IT,9.22,2026,1,1,1,0,1,1,0,1,1,Data Scientist
BCA,CS,6.25,2027,0,1,0,0,0,0,1,1,0,UI/UX Designer
B.Tech,CS,7.62,2027,1,1,0,0,0,0,0,0,0,Software Engineer
MCA,DS,9.68,2025,1,3,0,0,1,0,0,1,1,UI/UX Designer
BCA,DS,8.89,2027,0,3,0,1,1,1,0,1,1,UI/UX Designer
BCA,AI,7.72,2027,1,0,1,0,1,0,0,1,1,ML Engineer
B.Tech,AI,7.87,2027,1,5,1,0,1,0,0,0,0,ML Engineer
B.Tech,DS,9.54,2025,0,3,1,1,1,1,0,1,0,Data Scientist
MCA,IT,6.92,2024,1,5,1,1,1,1,0,1,1,Data Scientist
MCA,IT,6.05,2024,1,3,0,0,1,1,0,1,0,UI/UX Designer
MCA,DS,8.23,2027,0,0,0,0,1,0,1,1,1,UI/UX Designer
B.Tech,DS,6.01,2024,1,4,1,0,1,0,1,1,0,ML Engineer
MCA,IT,6.75,2025,0,3,1,1,1,0,0,1,0,ML Engineer
BCA,DS,8.38,2028,0,5,0,0,0,0,0,0,1,Software Engineer
B.Tech,AI,6.11,2025,1,3,0,0,1,0,1,0,1,Software Engineer
B.Tech,CS,7.43,2028,1,3,0,0,0,1,0,0,0,Software Engineer
B.Tech,AI,8.53,2027,0,2,1,1,1,1,1,1,1,Data Scientist
MCA,CS,9.3,2026,0,2,1,0,0,1,1,0,0,Backend Developer
MCA,AI,9.32,2026,1,1,1,1,1,0,0,1,0,ML Engineer
MCA,DS,7.12,2025,0,4,1,1,0,1,1,1,0,Full Stack Developer
BCA,CS,7.83,2028,0,1,0,0,1,0,1,1,0,UI/UX Designer
BCA,DS,8.91,2025,1,5,0,0,0,0,1,0,0,Software Engineer
MCA,CS,8.45,2027,1,5,1,0,0,1,0,1,0,UI/UX Designer
B.Tech,CS,7.29,2028,0,5,1,0,0,1,0,1,0,UI/UX Designer
B.Tech,IT,9.22,2027,1,2,0,1,0,1,1,0,1,Software Engineer
B.Tech,AI,9.18,2027,1,1,0,0,0,1,0,1,1,UI/UX Designer
MCA,DS,8.4,2025,1,2,1,0,0,1,1,0,1,Backend Developer
B.Tech,DS,8.76,2026,0,0,1,0,1,0,0,0,0,ML Engineer
B.Tech,AI,7.07,2025,1,0,1,1,1,1,1,1,1,Data Scientist
BCA,DS,7.11,2025,0,1,0,1,0,1,1,0,0,Software Engineer
MCA,IT,9.52,2024,1,3,0,0,1,0,0,1,1,UI/UX Designer
B.Tech,CS,6.45,2027,1,2,0,0,0,1,1,0,1,Software Engineer
BCA,CS,6.46,2024,0,3,0,1,0,1,1,1,1,UI/UX Designer
BCA,DS,7.13,2025,0,2,0,0,1,1,0,0,1,Software Engineer
MCA,CS,8.86,2025,0,1,0,0,1,0,1,1,0,UI/UX Designer
MCA,IT,8.48,2024,1,0,0,0,1,1,0,0,0,Software Engineer
B.Tech,AI,6.18,2028,1,5,0,0,1,1,0,1,0,UI/UX Designer
MCA,CS,6.9,2025,0,2,1,0,1,1,1,0,0,Data Scientist
B.Tech,AI,6.99,2025,1,3,0,0,0,1,1,0,1,Software Engineer
MCA,IT,8.71,2028,0,3,0,1,1,0,0,0,1,Software Engineer
BCA,CS,8.02,2028,1,0,0,1,1,1,0,0,0,Software Engineer
BCA,CS,6.37,2025,1,0,1,0,1,1,1,0,0,Data Scientist
MCA,AI,8.31,2024,0,2,0,0,1,1,0,1,1,UI/UX Designer
B.Tech,IT,8.5,2025,1,4,1,0,1,1,1,0,1,Data Scientist
BCA,AI,9.03,2028,1,2,1,0,1,0,1,1,0,ML Engineer
B.Tech,CS,6.29,2025,0,1,1,0,1,0,1,1,1,ML Engineer
BCA,DS,7.96,2028,0,3,0,0,1,1,0,1,0,UI/UX Designer
MCA,DS,9.67,2028,0,1,0,0,0,1,1,0,0,Software Engineer
BCA,IT,7.42,2024,1,5,0,1,0,1,0,1,1,UI/UX Designer
B.Tech,CS,8.8,2028,1,1,0,0,1,1,1,1,1,UI/UX Designer
MCA,DS,7.25,2026,0,0,1,0,1,1,0,1,0,Data Scientist
BCA,IT,6.32,2028,0,3,1,0,1,1,0,0,1,Data Scientist
BCA,AI,7.14,2027,0,4,0,1,0,0,1,0,1,Software Engineer
MCA,DS,6.02,2025,0,1,1,0,1,1,0,0,1,Data Scientist
B.Tech,IT,9.6,2026,0,3,1,0,0,1,1,1,0,Backend Developer
B.Tech,CS,9.01,2025,0,2,1,1,0,1,1,1,0,Full Stack Developer
BCA,AI,7.07,2024,1,1,0,0,0,1,1,0,1,Software Engineer
MCA,DS,6.75,2024,0,1,0,0,0,1,0,1,0,UI/UX Designer
B.Tech,IT,7.62,2028,0,0,0,0,0,0,1,0,1,Software Engineer
BCA,DS,6.23,2027,0,2,0,1,1,1,0,0,1,Software Engineer
BCA,CS,6.69,2024,0,5,0,1,1,1,1,1,0,UI/UX Designer
B.Tech,AI,9.6,2026,1,2,1,0,1,1,1,0,1,Data Scientist
MCA,AI,6.91,2026,0,4,0,0,0,0,1,1,1,UI/UX Designer
B.Tech,DS,9.52,2024,1,2,1,0,0,0,0,0,0,Software Engineer
MCA,AI,9.39,2028,1,2,1,0,0,0,0,0,1,Cloud Engineer
B.Tech,AI,8.65,2025,1,0,1,0,1,0,1,1,0,ML Engineer
MCA,DS,8.14,2027,1,4,0,0,1,1,0,0,1,Software Engineer
MCA,DS,7.91,2028,1,2,1,0,0,0,0,0,0,Software Engineer
MCA,IT,7.11,2025,1,1,0,1,1,0,0,0,0,Software Engineer
MCA,AI,7.23,2028,1,5,1,0,0,0,0,0,1,Cloud Engineer
B.Tech,AI,6.67,2024,0,5,0,1,1,1,0,0,1,Software Engineer
B.Tech,DS,6.59,2025,1,2,1,1,0,1,0,1,1,UI/UX Designer
B.Tech,IT,8.16,2025,1,0,0,1,0,1,0,1,0,UI/UX Designer
B.Tech,DS,6.93,2027,0,5,1,0,0,1,0,0,0,Software Engineer
B.Tech,CS,6.5,2024,1,1,0,0,0,1,1,0,0,Software Engineer
BCA,DS,9.1,2026,1,3,0,0,0,1,0,0,0,Software Engineer
B.Tech,AI,6.39,2027,0,0,0,0,0,1,0,0,0,Software Engineer
MCA,AI,6.86,2027,0,3,0,0,0,1,1,0,1,Software Engineer
MCA,AI,6.45,2024,0,4,0,0,0,0,1,1,0,UI/UX Designer
MCA,AI,8.37,2026,1,0,0,0,1,1,0,1,0,UI/UX Designer
MCA,IT,7.22,2027,1,5,1,1,1,1,0,0,0,Data Scientist
BCA,IT,6.69,2027,1,2,1,0,0,1,1,0,0,Backend Developer
BCA,DS,8.09,2028,1,4,1,1,1,1,1,0,0,Data Scientist
BCA,CS,6.77,2024,1,4,0,1,0,1,0,0,0,Software Engineer
BCA,DS,6.55,2028,1,1,1,0,0,0,1,1,0,Backend Developer
MCA,CS,8.65,2027,1,0,0,0,0,0,0,0,1,Software Engineer
B.Tech,CS,6.93,2024,1,1,0,0,1,0,0,0,1,Software Engineer
BCA,CS,7.09,2025,0,5,0,1,0,1,1,1,1,UI/UX Designer
MCA,AI,9.49,2028,1,5,0,0,0,0,1,1,1,UI/UX Designer
MCA,IT,7.52,2024,0,3,0,1,0,1,0,1,0,UI/UX Designer
B.Tech,CS,9.05,2027,0,2,0,0,1,1,1,1,1,UI/UX Designer
BCA,IT,8.06,2024,0,4,0,0,0,1,1,0,0,Software Engineer
B.Tech,CS,8.14,2027,0,0,0,1,0,0,0,0,1,Software Engineer
MCA,IT,7.19,2027,1,1,1,0,1,0,1,1,1,ML Engineer
BCA,CS,7.1,2025,1,0,0,1,1,0,0,0,1,Software Engineer
B.Tech,AI,7.11,2028,1,0,0,0,0,0,0,1,1,UI/UX Designer
B.Tech,IT,8.91,2026,0,3,1,0,0,0,0,1,0,UI/UX Designer
BCA,AI,7.34,2024,0,5,0,1,1,0,1,0,0,Software Engineer
MCA,DS,6.15,2026,1,3,1,1,1,1,1,0,0,Data Scientist
MCA,DS,7.0,2024,0,5,0,1,1,1,1,0,1,Software Engineer
MCA,DS,9.24,2025,1,3,0,0,0,0,1,1,0,UI/UX Designer
B.Tech,CS,9.49,2027,1,1,0,1,1,1,1,0,0,Software Engineer
MCA,DS,6.43,2027,0,4,1,1,0,1,1,1,0,Full Stack Developer
B.Tech,AI,9.0,2027,0,0,0,1,0,0,1,0,1,Software Engineer
B.Tech,CS,7.04,2024,1,5,0,0,1,1,1,0,0,Software Engineer
BCA,AI,9.66,2026,0,1,1,1,0,1,0,0,0,Software Engineer
MCA,DS,9.13,2028,0,0,1,1,1,1,0,1,1,Data Scientist
BCA,AI,6.43,2027,1,4,0,1,1,0,0,1,0,UI/UX Designer
MCA,IT,7.6,2028,0,4,0,1,0,1,0,0,0,Software Engineer
BCA,CS,7.15,2026,0,5,1,0,1,0,0,0,1,ML Engineer
MCA,AI,6.43,2025,1,3,1,1,1,1,1,1,1,Data Scientist
MCA,AI,8.67,2024,0,0,1,0,0,1,1,1,1,Backend Developer
MCA,CS,8.54,2027,0,1,0,0,1,0,1,0,1,Software Engineer
BCA,DS,9.45,2027,0,2,1,1,0,0,1,0,1,Full Stack Developer
B.Tech,DS,6.12,2024,0,2,0,1,1,1,1,1,0,UI/UX Designer
MCA,DS,9.15,2028,1,1,1,1,0,1,0,1,0,UI/UX Designer
B.Tech,IT,7.92,2028,1,5,1,0,1,1,0,1,0,Data Scientist
BCA,CS,8.39,2028,0,0,1,0,1,0,0,0,0,ML Engineer
B.Tech,IT,7.13,2028,0,5,0,1,0,0,1,1,0,UI/UX Designer
MCA,CS,6.42,2028,0,0,1,1,0,1,0,0,0,Software Engineer
BCA,IT,7.49,2027,0,3,0,1,1,0,0,0,1,Software Engineer
MCA,DS,9.07,2025,1,0,0,1,0,0,1,1,1,UI/UX Designer
B.Tech,AI,9.52,2025,0,4,0,0,0,1,1,1,0,UI/UX Designer
BCA,IT,6.84,2025,1,2,0,0,0,1,0,0,0,Software Engineer
BCA,DS,9.5,2026,0,1,1,0,0,1,1,1,1,Backend Developer
BCA,DS,7.61,2026,1,4,1,1,0,1,0,0,1,Cloud Engineer
BCA,IT,9.38,2028,1,4,0,1,1,0,1,1,0,UI/UX Designer
BCA,DS,9.01,2026,0,0,1,1,1,1,0,0,0,Data Scientist
BCA,CS,8.72,2025,1,4,0,1,1,0,1,0,0,Software Engineer
B.Tech,AI,8.72,2024,1,5,1,0,0,1,1,0,0,Backend Developer
BCA,CS,9.76,2027,0,0,1,1,1,0,0,0,1,ML Engineer
B.Tech,CS,9.46,2026,0,3,1,0,1,1,0,0,1,Data Scientist
BCA,AI,7.04,2026,1,0,0,0,1,0,0,1,0,UI/UX Designer
MCA,CS,9.2,2028,0,0,1,1,0,1,1,1,1,Full Stack Developer
B.Tech,IT,6.33,2026,0,5,0,0,0,0,0,1,1,UI/UX Designer
BCA,AI,8.61,2027,1,5,0,1,0,0,0,1,0,UI/UX Designer
MCA,DS,8.42,2024,0,4,0,0,1,0,0,1,0,UI/UX Designer
BCA,AI,8.7,2026,0,5,1,1,1,1,1,0,0,Data Scientist
MCA,IT,7.78,2027,0,3,0,0,0,1,0,0,0,Software Engineer
MCA,CS,9.47,2025,1,3,0,1,0,1,1,1,0,UI/UX Designer
B.Tech,AI,9.62,2028,0,1,1,0,1,0,0,1,1,ML Engineer
BCA,CS,7.81,2028,1,2,1,0,0,0,0,1,0,UI/UX Designer
BCA,DS,7.93,2024,1,2,1,0,0,1,1,0,0,Backend Developer
B.Tech,DS,6.67,2026,1,4,1,0,0,1,1,0,1,Backend Developer
B.Tech,CS,8.19,2025,0,4,1,0,0,0,0,0,0,Software Engineer
B.Tech,AI,7.88,2025,0,2,0,1,0,1,1,1,0,UI/UX Designer
MCA,IT,6.65,2024,0,1,1,1,0,0,0,1,1,UI/UX Designer
B.Tech,IT,9.7,2024,0,5,1,1,0,0,1,1,1,Full Stack Developer
B.Tech,CS,9.11,2028,1,1,0,1,1,0,1,0,1,Software Engineer
BCA,AI,9.76,2026,1,2,0,0,0,0,1,1,1,UI/UX Designer
B.Tech,AI,8.61,2024,0,3,1,1,0,1,1,1,1,Full Stack Developer
BCA,IT,8.83,2025,1,5,0,0,1,1,0,0,1,Software Engineer
BCA,DS,9.59,2026,1,1,0,1,1,0,1,1,1,UI/UX Designer
B.Tech,CS,7.9,2025,1,5,0,1,0,1,1,1,1,UI/UX Designer
BCA,CS,7.72,2025,1,4,0,1,0,1,1,1,0,UI/UX Designer
MCA,CS,6.19,2025,1,2,0,0,1,1,0,1,1,UI/UX Designer
BCA,IT,6.12,2026,0,5,0,0,1,0,0,1,0,UI/UX Designer
B.Tech,DS,8.58,2026,0,5,1,1,1,0,1,1,1,ML Engineer
B.Tech,AI,8.15,2027,0,3,0,1,0,1,0,1,1,UI/UX Designer
BCA,DS,7.77,2027,1,0,1,0,0,1,1,1,1,Backend Developer
B.Tech,AI,6.2,2027,0,3,0,1,0,0,1,0,1,Software Engineer
MCA,CS,7.27,2024,1,4,0,1,1,0,0,0,1,Software Engineer
MCA,DS,6.52,2025,1,5,1,1,0,0,0,0,0,Software Engineer
B.Tech,CS,7.98,2025,0,0,1,0,1,0,0,0,0,ML Engineer
BCA,DS,9.73,2025,1,4,1,0,1,1,0,0,1,Data Scientist
MCA,IT,6.65,2028,0,3,1,0,1,0,0,0,0,ML Engineer
BCA,DS,8.65,2024,1,3,1,1,1,0,1,1,1,ML Engineer
B.Tech,AI,6.13,2028,1,0,1,0,0,1,1,0,1,Backend Developer
BCA,IT,7.33,2028,1,4,1,0,1,1,1,0,0,Data Scientist
BCA,AI,9.51,2024,1,3,0,0,0,1,1,1,0,UI/UX Designer
B.Tech,CS,6.11,2025,0,0,1,0,1,0,1,1,1,ML Engineer
B.Tech,DS,8.87,2027,0,0,0,1,1,1,0,0,0,Software Engineer
B.Tech,AI,6.41,2027,1,1,1,0,0,0,1,1,0,Backend Developer
B.Tech,IT,7.65,2028,0,0,0,0,1,1,1,1,0,UI/UX Designer
BCA,CS,7.29,2028,1,1,0,0,0,0,0,0,1,Software Engineer
BCA,DS,9.32,2028,0,1,0,1,1,1,0,0,1,Software Engineer
B.Tech,IT,9.12,2026,1,3,1,0,0,1,0,0,1,Cloud Engineer
BCA,CS,8.07,2024,1,2,1,0,0,1,0,0,1,Cloud Engineer
B.Tech,IT,6.78,2026,0,1,0,0,1,1,1,0,1,Software Engineer
MCA,DS,9.6,2026,0,0,1,0,0,1,0,1,0,UI/UX Designer
B.Tech,CS,9.54,2024,0,4,0,1,0,1,1,1,1,UI/UX Designer
BCA,DS,8.09,2024,1,0,1,0,1,0,1,1,0,ML Engineer
B.Tech,CS,8.24,2025,1,5,1,1,0,1,1,0,0,Full Stack Developer
BCA,IT,7.07,2026,1,4,0,0,0,0,0,0,0,Software Engineer
B.Tech,AI,9.57,2025,1,5,0,1,0,1,1,0,0,Software Engineer
MCA,AI,7.21,2028,0,0,1,0,1,1,1,1,0,Data Scientist
MCA,IT,7.16,2028,0,0,1,1,1,1,0,0,0,Data Scientist
B.Tech,DS,9.18,2026,1,4,1,0,0,0,1,1,0,Backend Developer
B.Tech,DS,7.46,2024,0,1,1,1,0,0,1,1,1,Full Stack Developer
B.Tech,AI,9.51,2026,0,0,1,0,1,0,1,0,1,ML Engineer
MCA,DS,7.61,2028,1,1,1,1,1,0,0,1,1,ML Engineer
B.Tech,IT,8.93,2026,1,4,1,1,0,0,0,1,1,UI/UX Designer
B.Tech,AI,8.16,2026,1,1,1,0,1,1,1,1,0,Data Scientist
BCA,DS,8.42,2028,0,3,1,1,0,1,0,1,0,UI/UX Designer
BCA,AI,6.99,2027,0,1,0,0,1,1,0,1,0,UI/UX Designer
MCA,DS,8.2,2024,0,0,0,0,0,0,0,0,0,Software Engineer
B.Tech,CS,7.93,2024,0,1,1,1,0,1,0,0,1,Cloud Engineer
B.Tech,CS,7.24,2026,1,3,0,1,1,1,0,1,1,UI/UX Designer
BCA,IT,9.47,2024,0,4,1,1,1,0,0,1,0,ML Engineer
BCA,CS,9.63,2025,1,4,0,1,1,0,1,0,0,Software Engineer
MCA,AI,9.46,2026,0,2,0,0,1,1,1,1,0,UI/UX Designer
BCA,CS,7.34,2028,0,2,0,1,1,0,0,1,1,UI/UX Designer
BCA,IT,8.3,2026,1,2,1,0,1,1,0,0,0,Data Scientist
B.Tech,DS,6.06,2024,1,2,0,0,1,1,0,1,0,UI/UX Designer
B.Tech,IT,7.96,2028,1,3,1,0,0,0,1,0,0,Backend Developer
BCA,CS,9.78,2024,0,5,1,0,1,0,1,0,1,ML Engineer
MCA,IT,8.79,2028,0,1,1,1,1,1,1,1,1,Data Scientist
MCA,AI,9.59,2024,0,2,0,1,1,1,1,1,0,UI/UX Designer
BCA,IT,9.62,2024,0,3,1,1,0,1,1,1,1,Full Stack Developer
BCA,AI,7.85,2025,0,2,1,1,0,1,1,0,0,Full Stack Developer
MCA,IT,6.1,2024,0,0,1,0,0,1,0,0,0,Software Engineer
MCA,IT,9.16,2026,0,5,1,0,1,0,1,1,1,ML Engineer
BCA,CS,9.68,2024,0,5,0,1,1,1,1,0,0,Software Engineer
MCA,AI,9.39,2024,1,0,0,1,0,1,1,1,0,UI/UX Designer
B.Tech,IT,7.01,2025,1,1,1,0,0,0,0,0,1,Cloud Engineer
BCA,CS,7.86,2028,0,5,1,1,0,0,0,0,0,Software Engineer
BCA,IT,9.34,2025,1,5,0,0,1,1,1,0,1,Software Engineer
B.Tech,CS,9.66,2026,1,3,1,1,1,1,1,1,0,Data Scientist
MCA,CS,7.32,2027,0,3,1,0,1,0,0,1,1,ML Engineer
BCA,CS,8.14,2026,1,5,1,1,0,0,1,1,0,Full Stack Developer
B.Tech,AI,7.84,2025,1,5,1,1,1,1,1,1,1,Data Scientist
MCA,CS,9.6,2028,1,1,0,1,1,1,0,0,0,Software Engineer
MCA,CS,7.97,2026,0,1,0,0,1,0,1,1,0,UI/UX Designer
B.Tech,IT,9.57,2024,0,4,1,0,1,0,1,1,1,ML Engineer
B.Tech,IT,8.4,2025,0,2,0,1,1,0,0,1,1,UI/UX Designer
B.Tech,DS,6.08,2028,0,0,0,1,1,0,1,0,0,Software Engineer
BCA,DS,6.77,2026,1,3,1,0,1,1,1,0,1,Data Scientist
BCA,IT,7.45,2027,1,2,1,1,0,0,1,1,1,Full Stack Developer
BCA,DS,8.14,2026,1,1,0,1,0,0,1,0,1,Software Engineer
B.Tech,DS,8.34,2027,0,0,0,0,0,0,1,0,0,Software Engineer
BCA,DS,9.31,2026,0,4,1,1,1,1,1,0,0,Data Scientist
MCA,CS,9.5,2027,0,3,1,1,1,0,1,1,1,ML Engineer
B.Tech,CS,9.36,2027,0,5,0,0,0,0,0,0,1,Software Engineer
BCA,AI,8.74,2026,1,4,1,0,1,1,0,1,0,Data Scientist
BCA,DS,6.8,2026,0,1,1,0,0,1,0,1,1,UI/UX Designer
B.Tech,CS,7.18,2025,0,5,1,0,1,1,0,0,1,Data Scientist
B.Tech,AI,8.42,2025,1,5,0,1,1,0,0,1,0,UI/UX Designer
MCA,DS,9.55,2028,0,0,0,0,1,1,1,1,1,UI/UX Designer
B.Tech,DS,7.25,2028,1,5,0,0,0,1,0,1,0,UI/UX Designer
MCA,IT,6.54,2027,0,2,1,0,0,0,0,0,0,Software Engineer
BCA,CS,6.91,2027,1,3,0,0,0,1,1,1,1,UI/UX Designer
MCA,AI,8.7,2027,1,3,1,1,1,1,0,0,0,Data Scientist
BCA,AI,8.77,2025,0,3,1,0,1,1,0,0,1,Data Scientist
B.Tech,AI,7.25,2026,1,4,1,0,0,0,1,1,0,Backend Developer
MCA,AI,7.04,2024,0,5,0,1,0,1,1,1,0,UI/UX Designer
BCA,CS,8.33,2025,0,1,1,1,1,0,1,0,0,ML Engineer
B.Tech,AI,9.74,2025,0,2,0,1,0,0,1,0,1,Software Engineer
B.Tech,IT,9.14,2028,0,5,1,0,1,0,1,1,0,ML Engineer
MCA,DS,6.66,2024,1,2,1,0,0,1,0,1,0,UI/UX Designer
B.Tech,CS,6.69,2024,0,2,1,0,1,1,0,1,0,Data Scientist
MCA,IT,7.17,2025,0,2,0,0,0,0,1,1,0,UI/UX Designer
BCA,IT,9.17,2026,0,1,0,1,1,0,1,0,1,Software Engineer
MCA,AI,7.33,2028,1,5,1,1,1,1,0,1,1,Data Scientist
MCA,AI,6.79,2028,1,0,0,0,1,0,0,1,1,UI/UX Designer
MCA,IT,7.81,2027,1,2,0,1,0,1,1,0,0,Software Engineer
BCA,DS,7.27,2024,0,2,1,0,1,0,1,0,0,ML Engineer
MCA,DS,8.78,2027,0,2,1,0,1,0,0,1,1,ML Engineer
MCA,CS,7.6,2026,1,4,1,1,1,1,1,0,0,Data Scientist
MCA,AI,9.0,2024,0,2,0,0,0,1,0,0,0,Software Engineer
MCA,IT,6.76,2025,1,2,0,1,1,1,0,1,0,UI/UX Designer
B.Tech,AI,6.02,2025,1,0,0,0,0,0,1,0,0,Software Engineer
B.Tech,DS,6.49,2025,1,2,1,1,0,1,1,1,0,Full Stack Developer
B.Tech,IT,8.92,2026,1,2,1,1,1,0,1,1,0,ML Engineer
B.Tech,IT,7.15,2024,1,3,0,1,0,0,0,1,0,UI/UX Designer
B.Tech,AI,9.64,2027,0,1,0,1,0,1,1,1,1,UI/UX Designer
B.Tech,IT,7.21,2028,1,5,1,0,1,0,1,0,1,ML Engineer
BCA,AI,8.82,2024,1,4,1,0,1,1,1,0,1,Data Scientist
MCA,DS,9.31,2024,0,0,1,1,1,1,0,0,1,Data Scientist
BCA,CS,6.46,2027,1,2,1,1,0,1,1,0,1,Full Stack Developer
MCA,AI,6.68,2026,1,0,0,1,1,1,1,1,0,UI/UX Designer
MCA,DS,6.94,2024,0,1,1,1,1,0,0,1,0,ML Engineer
MCA,DS,6.15,2026,1,0,0,1,1,1,1,1,0,UI/UX Designer
BCA,CS,6.7,2026,0,3,0,0,1,0,1,1,1,UI/UX Designer
MCA,DS,6.82,2027,1,5,0,0,1,1,0,0,1,Software Engineer
B.Tech,DS,6.79,2027,0,2,0,1,0,1,0,1,1,UI/UX Designer
MCA,AI,6.84,2028,1,5,1,1,1,0,0,0,0,ML Engineer
BCA,AI,7.32,2027,0,3,1,1,1,1,1,0,1,Data Scientist
MCA,CS,8.4,2028,1,0,1,0,0,1,1,1,0,Backend Developer
B.Tech,IT,8.37,2025,1,4,0,1,1,1,1,1,1,UI/UX Designer
MCA,IT,7.44,2024,0,3,1,1,0,1,1,0,1,Full Stack Developer
MCA,DS,7.34,2025,1,4,0,0,0,1,0,0,1,Software Engineer
BCA,DS,8.88,2026,1,1,1,1,1,0,1,1,0,ML Engineer
MCA,CS,7.46,2027,1,3,0,1,1,0,1,1,0,UI/UX Designer
BCA,IT,6.63,2027,0,2,0,0,0,0,0,1,0,UI/UX Designer
B.Tech,DS,9.56,2025,1,1,0,1,0,0,1,1,0,UI/UX Designer
MCA,DS,9.76,2025,1,4,1,0,0,0,1,1,0,Backend Developer
MCA,CS,8.59,2027,1,3,0,1,0,0,1,0,0,Software Engineer
MCA,CS,7.11,2027,0,2,0,1,1,0,0,1,1,UI/UX Designer
MCA,CS,8.74,2026,1,5,1,1,1,0,0,0,1,ML Engineer
BCA,CS,7.74,2027,0,2,1,0,0,1,0,1,0,UI/UX Designer
MCA,CS,8.89,2025,1,0,1,1,1,1,1,1,1,Data Scientist
BCA,DS,8.56,2025,0,1,0,1,1,1,1,0,1,Software Engineer
B.Tech,CS,6.99,2028,1,3,1,1,1,0,0,0,1,ML Engineer
MCA,IT,9.31,2027,0,3,0,1,0,1,1,1,1,UI/UX Designer
B.Tech,IT,7.06,2024,0,2,1,0,0,1,0,1,0,UI/UX Designer
BCA,CS,9.62,2028,0,2,1,1,0,0,0,1,0,UI/UX Designer
MCA,IT,6.87,2027,0,0,0,0,1,0,0,1,0,UI/UX Designer
B.Tech,IT,6.86,2028,1,3,1,1,0,0,0,0,1,Cloud Engineer
BCA,CS,7.81,2024,0,4,0,0,1,0,0,1,0,UI/UX Designer
MCA,DS,9.77,2026,1,4,1,1,0,1,0,1,0,UI/UX Designer
BCA,IT,7.3,2028,1,5,1,1,0,1,1,1,1,Full Stack Developer
BCA,IT,6.68,2027,1,0,1,0,0,1,0,1,1,UI/UX Designer
BCA,AI,7.22,2028,1,0,1,1,0,0,0,0,0,Software Engineer
B.Tech,IT,8.32,2025,1,4,1,0,0,1,0,0,1,Cloud Engineer
BCA,IT,7.16,2026,1,3,1,1,1,0,1,1,1,ML Engineer
BCA,AI,8.45,2025,1,2,1,1,1,1,0,1,0,Data Scientist
BCA,DS,9.01,2026,0,1,0,0,0,1,1,1,0,UI/UX Designer
MCA,DS,9.58,2028,1,0,1,1,0,0,0,0,1,Cloud Engineer
B.Tech,AI,7.05,2026,1,2,1,1,0,1,1,0,0,Full Stack Developer
B.Tech,AI,8.18,2028,0,3,0,1,0,0,1,1,0,UI/UX Designer
MCA,AI,9.64,2026,1,5,0,1,1,1,0,0,0,Software Engineer
BCA,IT,8.58,2026,1,4,0,0,1,1,0,1,1,UI/UX Designer
B.Tech,CS,9.47,2028,1,0,0,0,0,1,1,1,1,UI/UX Designer
MCA,CS,8.15,2028,0,4,1,0,1,1,1,1,0,Data Scientist
BCA,DS,9.38,2025,1,0,0,0,1,0,0,1,1,UI/UX Designer
B.Tech,DS,6.07,2025,1,3,0,1,1,1,0,1,1,UI/UX Designer
MCA,IT,6.72,2025,0,2,0,1,0,1,1,0,1,Software Engineer
BCA,AI,9.53,2025,0,2,0,0,0,0,0,1,0,UI/UX Designer
B.Tech,DS,6.47,2027,0,3,0,1,1,0,0,1,0,UI/UX Designer
B.Tech,DS,8.24,2024,0,1,0,1,0,1,1,1,0,UI/UX Designer
BCA,IT,6.8,2024,1,3,0,0,0,0,1,1,1,UI/UX Designer
BCA,CS,7.35,2026,0,3,1,0,1,0,0,1,1,ML Engineer
MCA,AI,6.17,2025,0,4,1,0,0,1,1,0,1,Backend Developer
MCA,IT,9.29,2026,1,4,0,0,0,0,1,0,0,Software Engineer
BCA,CS,8.99,2024,1,1,1,0,1,0,0,0,0,ML Engineer
BCA,CS,9.38,2024,0,3,1,1,1,1,1,0,0,Data Scientist
B.Tech,CS,7.6,2024,0,3,0,1,0,0,0,0,1,Software Engineer
BCA,AI,6.49,2028,1,4,1,1,1,0,0,1,1,ML Engineer
B.Tech,IT,8.5,2024,1,2,0,1,1,0,0,0,0,Software Engineer
MCA,DS,8.54,2028,1,1,0,0,0,1,0,1,1,UI/UX Designer
B.Tech,IT,6.05,2024,0,1,1,1,1,0,0,1,0,ML Engineer
MCA,DS,7.72,2025,1,4,1,1,0,1,1,1,0,Full Stack Developer
BCA,AI,9.07,2027,1,5,1,1,0,1,1,1,0,Full Stack Developer
MCA,IT,6.36,2027,0,0,0,1,1,0,1,1,0,UI/UX Designer
MCA,IT,7.51,2028,0,1,1,0,1,1,1,1,0,Data Scientist
MCA,IT,8.64,2028,0,2,0,0,0,1,0,0,1,Software Engineer
BCA,CS,9.64,2027,1,3,0,0,0,0,0,1,0,UI/UX Designer
B.Tech,AI,8.69,2026,0,5,1,1,1,1,0,1,0,Data Scientist
B.Tech,DS,8.99,2027,1,4,0,0,1,0,0,1,0,UI/UX Designer
BCA,CS,8.76,2028,0,1,0,0,1,0,0,1,0,UI/UX Designer
MCA,CS,8.93,2028,1,1,1,0,1,1,0,0,1,Data Scientist
BCA,CS,7.45,2026,0,5,1,1,0,1,0,0,1,Cloud Engineer
B.Tech,AI,6.92,2027,1,3,1,1,0,1,1,0,0,Full Stack Developer
MCA,AI,9.74,2024,0,0,0,0,1,1,1,1,1,UI/UX Designer
MCA,DS,8.13,2028,1,4,1,0,1,0,1,1,0,ML Engineer
BCA,DS,9.1,2024,1,5,1,0,0,0,0,0,0,Software Engineer
MCA,IT,6.09,2026,0,2,1,1,0,1,1,0,0,Full Stack Developer
B.Tech,AI,7.69,2024,1,3,1,0,1,1,1,1,1,Data Scientist
BCA,CS,7.27,2028,0,2,1,0,0,1,1,1,0,Backend Developer
BCA,IT,7.01,2027,1,2,1,0,0,1,1,1,0,Backend Developer
B.Tech,AI,9.45,2028,1,4,1,1,0,0,1,0,0,Full Stack Developer
BCA,IT,8.72,2028,1,3,0,1,0,0,0,0,1,Software Engineer
BCA,CS,6.93,2025,1,0,0,1,0,1,0,1,0,UI/UX Designer
B.Tech,CS,7.13,2024,1,3,1,0,0,0,0,1,0,UI/UX Designer
MCA,AI,9.05,2026,1,2,1,0,1,0,1,1,1,ML Engineer
MCA,IT,9.02,2028,0,0,1,0,1,1,0,0,1,Data Scientist
BCA,CS,7.75,2027,1,4,1,1,0,0,1,0,1,Full Stack Developer
BCA,IT,6.24,2026,0,5,1,0,0,0,1,0,1,Backend Developer
B.Tech,DS,7.18,2026,1,1,1,1,0,1,1,0,1,Full Stack Developer
B.Tech,CS,8.01,2025,0,1,1,0,1,0,0,1,0,ML Engineer
B.Tech,DS,8.18,2027,1,3,0,0,0,1,0,1,0,UI/UX Designer
B.Tech,DS,9.34,2027,0,1,1,0,1,0,0,1,1,ML Engineer
BCA,CS,7.99,2024,0,4,1,1,0,0,1,0,1,Full Stack Developer
BCA,DS,7.16,2028,1,0,0,1,0,0,0,0,0,Software Engineer
MCA,IT,8.28,2028,0,3,0,0,1,0,0,1,0,UI/UX Designer
BCA,CS,7.33,2025,0,0,0,0,1,0,0,0,1,Software Engineer
B.Tech,CS,7.29,2026,0,1,1,0,0,1,1,1,1,Backend Developer
MCA,CS,9.22,2024,1,4,1,0,1,0,1,0,1,ML Engineer
BCA,DS,7.54,2027,0,3,1,0,1,1,0,1,0,Data Scientist
BCA,AI,8.93,2024,0,1,0,1,0,1,1,1,1,UI/UX Designer
BCA,DS,6.72,2028,0,5,0,1,0,1,0,0,0,Software Engineer
B.Tech,IT,8.71,2024,0,3,1,0,1,0,0,0,1,ML Engineer
B.Tech,IT,8.51,2026,0,3,0,0,0,1,0,0,1,Software Engineer
MCA,AI,9.35,2027,1,1,0,1,1,0,0,0,0,Software Engineer
B.Tech,DS,6.96,2024,1,0,1,1,0,1,1,1,1,Full Stack Developer
BCA,CS,6.7,2026,0,5,1,0,0,0,0,0,0,Software Engineer
B.Tech,DS,9.13,2025,0,4,1,1,1,1,1,1,0,Data Scientist
B.Tech,IT,6.14,2027,0,0,1,0,0,0,1,1,0,Backend Developer
MCA,CS,8.52,2028,0,1,0,0,1,1,1,0,1,Software Engineer
BCA,DS,6.76,2024,1,3,1,0,0,0,1,1,0,Backend Developer
MCA,DS,6.1,2027,0,1,0,1,0,0,0,0,1,Software Engineer
BCA,CS,8.35,2025,1,2,1,0,0,1,0,0,0,Software Engineer
MCA,CS,9.09,2028,0,1,0,0,0,0,0,1,0,UI/UX Designer
BCA,IT,8.59,2028,1,2,0,0,0,1,1,1,1,UI/UX Designer
BCA,IT,9.66,2027,1,1,1,1,0,1,1,0,0,Full Stack Developer
BCA,IT,9.75,2025,1,1,1,0,1,1,0,0,1,Data Scientist
BCA,AI,7.28,2027,0,5,1,1,1,1,1,1,1,Data Scientist
MCA,DS,7.42,2026,0,3,0,0,0,0,0,1,1,UI/UX Designer
B.Tech,IT,7.28,2025,1,4,0,1,0,1,1,1,0,UI/UX Designer
BCA,IT,8.44,2028,0,1,1,0,1,0,0,1,0,ML Engineer
MCA,CS,8.57,2024,0,0,1,1,1,0,0,1,1,ML Engineer
MCA,IT,9.64,2026,0,2,0,0,1,0,1,1,0,UI/UX Designer
B.Tech,IT,9.42,2025,0,3,1,1,1,1,0,1,1,Data Scientist
MCA,IT,9.45,2024,0,1,0,1,0,1,1,0,0,Software Engineer
BCA,IT,7.7,2024,1,5,1,1,1,1,0,0,1,Data Scientist
MCA,AI,8.57,2025,0,5,1,1,0,1,0,0,0,Software Engineer
MCA,DS,9.77,2026,1,1,0,1,1,0,1,1,0,UI/UX Designer
MCA,AI,7.0,2027,1,0,1,0,1,1,0,0,0,Data Scientist
MCA,CS,7.15,2025,1,3,1,1,0,1,0,0,0,Software Engineer
BCA,AI,6.5,2026,1,4,1,0,1,1,1,1,1,Data Scientist
MCA,AI,9.27,2024,0,1,0,1,1,1,0,1,0,UI/UX Designer
MCA,IT,8.96,2024,0,5,0,0,0,0,1,0,0,Software Engineer
MCA,CS,6.21,2025,0,5,0,1,0,0,1,1,0,UI/UX Designer
B.Tech,CS,8.72,2027,1,5,0,0,0,0,0,1,0,UI/UX Designer
MCA,CS,7.68,2028,0,0,0,1,0,1,0,1,1,UI/UX Designer
B.Tech,IT,9.22,2025,0,3,0,0,1,0,0,0,0,Software Engineer
MCA,IT,8.02,2026,1,1,1,1,1,0,1,1,1,ML Engineer
B.Tech,DS,6.05,2024,1,4,0,0,0,1,1,0,1,Software Engineer
BCA,DS,7.14,2027,1,4,1,0,1,1,1,1,1,Data Scientist
BCA,AI,9.51,2027,1,3,0,0,0,0,1,1,1,UI/UX Designer
BCA,DS,9.76,2025,1,2,1,0,0,1,1,0,0,Backend Developer
B.Tech,DS,7.79,2026,1,1,0,1,0,0,0,0,0,Software Engineer
B.Tech,DS,8.31,2027,1,3,0,1,1,0,1,1,0,UI/UX Designer
MCA,DS,8.31,2025,0,4,0,1,0,1,0,0,1,Software Engineer
BCA,AI,8.6,2027,0,4,1,0,1,1,0,1,0,Data Scientist
B.Tech,CS,7.7,2027,0,1,0,1,1,1,0,1,1,UI/UX Designer
MCA,IT,9.43,2026,0,5,1,0,1,1,1,1,1,Data Scientist
BCA,IT,8.37,2024,1,3,0,0,1,1,0,1,0,UI/UX Designer
BCA,CS,7.8,2025,0,2,1,0,1,1,0,1,0,Data Scientist
MCA,IT,9.13,2025,0,2,1,1,0,1,1,1,1,Full Stack Developer
BCA,AI,6.78,2026,0,0,0,0,1,0,1,1,0,UI/UX Designer
MCA,IT,8.26,2026,0,2,1,0,1,1,0,1,1,Data Scientist
BCA,CS,6.47,2026,1,2,1,1,0,1,1,0,0,Full Stack Developer
B.Tech,AI,8.33,2024,1,2,0,1,1,0,1,1,1,UI/UX Designer
B.Tech,CS,7.99,2025,0,2,0,0,0,1,0,0,0,Software Engineer
BCA,CS,7.99,2027,0,4,1,1,0,1,1,0,1,Full Stack Developer
B.Tech,CS,8.45,2028,0,0,0,0,1,0,0,1,0,UI/UX Designer
B.Tech,AI,7.23,2027,0,4,0,1,0,0,0,0,0,Software Engineer
MCA,CS,6.79,2028,1,0,1,1,0,1,0,0,0,Software Engineer
MCA,CS,9.48,2028,1,2,1,0,1,0,1,0,0,ML Engineer
BCA,AI,7.49,2026,1,0,1,1,0,0,1,1,0,Full Stack Developer
B.Tech,IT,6.76,2028,1,5,1,1,0,0,0,0,1,Cloud Engineer
B.Tech,CS,7.18,2025,0,2,0,1,1,1,0,0,1,Software Engineer
BCA,DS,8.13,2026,0,0,0,1,1,1,1,1,0,UI/UX Designer
BCA,DS,7.45,2028,0,0,0,0,0,0,0,1,0,UI/UX Designer
BCA,DS,8.48,2026,0,0,0,1,0,0,1,1,0,UI/UX Designer
BCA,IT,6.05,2024,0,3,1,0,1,1,0,0,0,Data Scientist
B.Tech,DS,8.58,2024,0,3,1,1,0,1,0,0,0,Software Engineer
BCA,AI,8.73,2025,1,0,1,1,1,0,0,0,0,ML Engineer
MCA,DS,9.01,2024,1,2,1,0,0,1,0,0,1,Cloud Engineer
MCA,IT,7.22,2026,1,1,0,1,1,1,0,1,1,UI/UX Designer
MCA,DS,7.37,2027,0,4,1,1,1,1,1,0,1,Data Scientist
B.Tech,AI,7.92,2025,1,4,1,0,1,1,1,1,0,Data Scientist
MCA,CS,7.97,2028,0,2,0,0,0,1,0,1,0,UI/UX Designer
MCA,DS,7.99,2027,0,4,0,0,1,1,0,1,1,UI/UX Designer
MCA,CS,9.39,2028,0,3,1,1,0,0,1,0,0,Full Stack Developer
MCA,CS,9.62,2025,0,0,0,0,1,0,1,1,0,UI/UX Designer
BCA,DS,9.61,2027,1,5,0,1,0,0,0,0,0,Software Engineer
BCA,DS,8.35,2027,0,5,1,0,1,1,1,1,0,Data Scientist
MCA,DS,9.27,2027,0,3,1,0,1,1,1,0,1,Data Scientist
BCA,AI,8.07,2024,0,5,1,1,0,1,0,1,0,UI/UX Designer
BCA,AI,8.1,2027,0,4,0,1,1,1,0,1,0,UI/UX Designer
MCA,IT,7.76,2028,1,4,1,0,0,0,0,1,0,UI/UX Designer
B.Tech,CS,7.1,2026,1,0,0,1,0,1,0,1,1,UI/UX Designer
BCA,IT,8.94,2024,1,1,0,0,0,1,1,0,0,Software Engineer
B.Tech,IT,6.5,2028,0,3,0,1,1,0,1,0,0,Software Engineer
BCA,CS,7.06,2028,1,0,1,1,1,0,1,0,1,ML Engineer
B.Tech,CS,6.09,2024,0,5,0,0,1,1,1,1,0,UI/UX Designer
MCA,DS,6.44,2024,0,1,0,1,1,1,1,0,0,Software Engineer
MCA,CS,6.43,2026,0,2,0,1,0,1,0,1,0,UI/UX Designer
BCA,DS,6.81,2025,1,4,0,1,0,1,0,0,1,Software Engineer
MCA,IT,6.94,2027,1,1,0,0,0,0,0,1,0,UI/UX Designer
B.Tech,IT,8.55,2026,1,3,1,1,0,1,0,1,1,UI/UX Designer
BCA,CS,7.64,2024,1,0,0,0,1,1,0,0,1,Software Engineer
BCA,AI,7.15,2028,1,2,0,0,0,1,1,1,1,UI/UX Designer
MCA,DS,9.71,2028,0,2,1,1,1,0,1,1,0,ML Engineer
MCA,IT,7.32,2026,0,2,1,1,1,0,1,1,0,ML Engineer
B.Tech,AI,8.71,2028,1,1,1,1,1,1,0,0,1,Data Scientist
B.Tech,DS,7.42,2027,1,5,1,0,0,1,0,0,1,Cloud Engineer
B.Tech,DS,9.09,2027,0,0,1,1,1,0,1,0,1,ML Engineer
BCA,CS,9.73,2027,0,3,0,1,1,1,1,1,0,UI/UX Designer
BCA,CS,6.16,2024,1,0,1,1,1,0,0,0,0,ML Engineer
B.Tech,CS,7.28,2028,1,2,1,0,0,1,0,0,0,Software Engineer
B.Tech,CS,8.1,2026,0,1,1,0,0,0,1,1,0,Backend Developer
B.Tech,CS,6.94,2027,0,1,1,0,0,0,0,1,1,UI/UX Designer
B.Tech,AI,7.65,2028,1,3,1,0,0,0,1,0,0,Backend Developer
B.Tech,DS,9.23,2027,0,4,0,0,0,0,1,1,1,UI/UX Designer
BCA,DS,9.19,2028,0,2,1,0,1,1,1,1,0,Data Scientist
BCA,AI,7.54,2025,1,1,0,0,1,0,1,0,0,Software Engineer
BCA,AI,7.37,2024,1,3,1,1,0,0,0,1,0,UI/UX Designer
BCA,AI,9.46,2026,1,1,1,1,0,1,1,1,0,Full Stack Developer
B.Tech,CS,8.69,2025,0,4,0,0,0,0,1,1,0,UI/UX Designer
B.Tech,DS,7.06,2025,0,3,0,1,0,1,1,0,1,Software Engineer
BCA,DS,9.58,2025,0,0,1,0,0,0,0,0,0,Software Engineer
BCA,AI,8.75,2025,0,1,0,0,0,0,1,0,0,Software Engineer
B.Tech,IT,6.18,2025,0,1,0,1,0,1,0,0,1,Software Engineer
MCA,IT,6.62,2028,0,0,1,1,1,0,1,0,0,ML Engineer
MCA,DS,9.38,2027,1,4,1,0,0,1,1,1,1,Backend Developer
B.Tech,CS,8.28,2026,1,0,1,1,1,0,1,0,0,ML Engineer
BCA,IT,8.85,2025,1,5,1,1,1,1,1,0,1,Data Scientist
B.Tech,IT,9.43,2026,1,3,0,1,0,1,1,0,0,Software Engineer
B.Tech,IT,9.6,2024,1,2,1,1,1,0,1,0,1,ML Engineer
BCA,DS,6.15,2027,0,2,0,1,1,1,1,0,1,Software Engineer
MCA,AI,6.23,2028,0,5,1,0,1,0,0,0,0,ML Engineer
MCA,AI,7.08,2024,0,3,1,0,1,1,1,1,1,Data Scientist
MCA,DS,8.78,2026,0,1,1,1,0,0,0,1,1,UI/UX Designer
B.Tech,AI,6.05,2025,0,3,0,0,1,1,1,0,0,Software Engineer
B.Tech,IT,9.26,2026,1,0,0,1,0,1,1,0,0,Software Engineer
BCA,AI,9.23,2026,1,5,0,1,0,1,0,0,1,Software Engineer
BCA,AI,7.25,2028,1,3,1,0,1,0,0,0,1,ML Engineer
B.Tech,IT,7.76,2025,0,5,1,0,1,1,0,0,0,Data Scientist
B.Tech,IT,8.37,2024,1,0,1,1,1,1,1,1,0,Data Scientist
BCA,AI,6.45,2025,1,3,1,1,1,0,1,1,0,ML Engineer
MCA,IT,7.28,2028,1,4,1,0,1,1,0,1,0,Data Scientist
MCA,DS,7.87,2024,0,0,1,0,0,0,0,0,0,Software Engineer
MCA,AI,8.53,2024,0,1,0,1,0,0,0,1,1,UI/UX Designer
B.Tech,IT,9.41,2027,0,2,1,1,0,0,0,0,0,Software Engineer
B.Tech,CS,7.89,2025,1,0,1,0,1,0,0,1,1,ML Engineer
BCA,DS,7.59,2025,1,5,1,1,0,1,1,1,1,Full Stack Developer
B.Tech,CS,8.23,2024,0,0,1,0,0,1,0,0,0,Software Engineer
MCA,IT,8.73,2027,1,0,1,0,0,0,1,1,1,Backend Developer
B.Tech,AI,6.25,2024,1,3,1,0,1,0,1,0,1,ML Engineer
BCA,DS,8.5,2028,0,0,0,1,1,1,1,1,0,UI/UX Designer
B.Tech,IT,6.91,2028,1,2,0,1,1,0,1,1,0,UI/UX Designer
MCA,AI,7.28,2024,1,4,0,0,1,0,0,1,1,UI/UX Designer
BCA,CS,7.73,2028,1,4,0,0,0,1,1,1,0,UI/UX Designer
BCA,DS,9.53,2028,0,2,1,0,1,1,0,1,0,Data Scientist
BCA,AI,6.02,2025,0,1,0,1,1,1,0,0,1,Software Engineer
BCA,DS,6.06,2026,0,3,1,0,1,0,1,0,0,ML Engineer
MCA,IT,6.05,2027,0,2,0,1,0,0,1,1,0,UI/UX Designer
MCA,AI,8.55,2027,0,3,0,1,0,0,0,1,0,UI/UX Designer
B.Tech,IT,9.32,2024,0,0,0,0,1,0,1,1,0,UI/UX Designer
MCA,CS,7.83,2028,1,0,1,0,0,1,1,0,1,Backend Developer
MCA,CS,9.46,2028,0,0,1,0,1,0,1,0,1,ML Engineer
B.Tech,AI,9.24,2027,0,4,0,0,1,0,0,1,1,UI/UX Designer
MCA,DS,8.12,2027,1,2,1,0,0,0,1,0,0,Backend Developer
MCA,AI,6.07,2026,1,3,1,0,0,0,1,0,0,Backend Developer
MCA,IT,7.8,2028,1,0,0,1,1,0,0,0,0,Software Engineer
B.Tech,CS,9.57,2025,1,3,0,1,0,1,1,1,0,UI/UX Designer
BCA,AI,8.81,2027,0,0,0,1,1,1,0,1,0,UI/UX Designer
B.Tech,CS,9.7,2026,1,0,1,1,0,0,0,0,1,Cloud Engineer
MCA,CS,9.08,2028,1,4,0,0,0,0,0,1,1,UI/UX Designer
MCA,AI,7.02,2024,0,0,1,0,1,0,1,1,0,ML Engineer
BCA,CS,7.0,2028,0,0,0,0,0,1,0,1,1,UI/UX Designer
MCA,IT,6.64,2028,0,3,1,0,0,0,0,1,0,UI/UX Designer
B.Tech,DS,6.73,2028,1,2,0,1,0,1,0,0,1,Software Engineer
MCA,DS,6.97,2028,1,0,0,1,1,1,1,0,0,Software Engineer
MCA,IT,6.5,2024,0,1,0,1,0,1,0,0,0,Software Engineer
MCA,CS,8.48,2024,0,3,0,0,1,0,0,1,0,UI/UX Designer
BCA,AI,9.71,2027,1,3,0,1,0,1,0,0,0,Software Engineer
BCA,DS,9.61,2027,0,2,0,0,0,1,1,0,0,Software Engineer
MCA,AI,6.77,2024,1,1,0,1,1,0,0,0,1,Software Engineer
MCA,DS,7.32,2025,1,1,1,1,0,1,0,1,0,UI/UX Designer
BCA,IT,6.07,2025,1,3,1,1,1,1,0,1,0,Data Scientist
BCA,AI,8.84,2024,0,4,0,0,0,1,1,1,0,UI/UX Designer
MCA,CS,6.57,2024,1,5,0,0,1,1,0,0,1,Software Engineer
MCA,AI,8.74,2027,1,5,1,1,0,1,0,0,0,Software Engineer
MCA,IT,9.38,2026,0,2,1,0,1,1,0,1,1,Data Scientist
MCA,CS,8.62,2024,0,1,1,1,0,1,1,0,1,Full Stack Developer
MCA,DS,8.73,2025,0,1,1,0,0,1,1,0,0,Backend Developer
BCA,DS,9.39,2024,1,1,1,0,0,1,0,1,0,UI/UX Designer
MCA,IT,8.5,2024,1,1,0,0,1,0,0,1,1,UI/UX Designer
BCA,AI,9.55,2027,0,0,1,1,0,0,0,1,0,UI/UX Designer
MCA,CS,8.78,2025,0,1,0,0,1,0,0,0,0,Software Engineer
B.Tech,CS,8.76,2025,1,5,0,1,1,0,1,0,0,Software Engineer
B.Tech,IT,7.42,2028,0,5,1,1,0,0,0,1,1,UI/UX Designer
BCA,CS,7.65,2025,1,5,1,0,0,0,0,0,0,Software Engineer
MCA,DS,7.06,2026,0,5,1,1,0,0,1,1,0,Full Stack Developer
MCA,CS,9.03,2025,0,1,0,0,1,1,1,1,0,UI/UX Designer
B.Tech,IT,9.45,2028,0,1,0,1,1,0,0,0,0,Software Engineer
B.Tech,CS,7.63,2025,0,1,0,1,0,1,1,1,0,UI/UX Designer
BCA,IT,8.59,2026,0,0,0,0,1,0,1,0,1,Software Engineer
MCA,CS,6.31,2025,1,0,0,0,0,0,0,1,0,UI/UX Designer
BCA,CS,9.02,2028,1,2,1,1,0,0,0,1,1,UI/UX Designer
MCA,CS,6.57,2026,0,2,1,0,0,0,1,1,1,Backend Developer
MCA,CS,6.01,2026,0,3,1,1,0,1,1,0,0,Full Stack Developer
BCA,CS,6.9,2025,1,4,1,1,0,1,1,0,1,Full Stack Developer
MCA,DS,8.77,2028,0,5,0,1,1,0,1,1,0,UI/UX Designer
MCA,AI,8.99,2024,0,1,1,0,1,0,0,1,1,ML Engineer
MCA,CS,9.38,2028,0,2,0,0,1,0,0,1,1,UI/UX Designer
MCA,IT,8.01,2024,1,2,1,0,1,1,0,0,1,Data Scientist
MCA,AI,7.55,2025,0,1,0,0,0,0,1,1,0,UI/UX Designer
BCA,CS,7.76,2024,1,2,1,0,1,1,0,0,1,Data Scientist
BCA,IT,8.74,2026,1,4,1,0,1,1,1,0,0,Data Scientist
BCA,DS,9.01,2026,0,1,0,1,0,0,0,1,1,UI/UX Designer
BCA,CS,8.56,2026,0,2,0,1,0,0,1,1,0,UI/UX Designer
B.Tech,AI,8.23,2024,1,5,0,1,0,0,0,0,1,Software Engineer
MCA,CS,8.07,2028,0,1,0,0,0,0,0,1,1,UI/UX Designer
B.Tech,CS,9.35,2024,0,0,0,0,1,0,0,1,1,UI/UX Designer
B.Tech,IT,6.79,2024,0,4,1,1,1,0,1,1,0,ML Engineer
MCA,DS,7.27,2027,1,5,0,1,1,0,0,0,0,Software Engineer
MCA,AI,6.51,2024,0,2,1,0,1,0,0,1,1,ML Engineer
BCA,DS,7.3,2024,0,3,0,0,1,0,1,0,0,Software Engineer
BCA,AI,7.27,2027,0,0,0,0,0,0,0,0,0,Software Engineer
MCA,CS,8.96,2026,0,3,1,0,1,0,1,0,1,ML Engineer
BCA,CS,9.57,2025,0,4,1,1,1,0,0,0,0,ML Engineer
B.Tech,DS,6.28,2025,0,1,0,1,1,1,0,0,1,Software Engineer
BCA,CS,7.84,2027,1,4,0,1,1,1,0,1,0,UI/UX Designer
BCA,CS,9.02,2027,0,2,0,0,1,1,0,0,0,Software Engineer
B.Tech,AI,8.34,2024,0,0,1,0,1,0,1,0,0,ML Engineer
BCA,IT,9.55,2027,1,4,1,1,0,0,1,0,1,Full Stack Developer
MCA,AI,6.55,2026,1,5,0,1,1,1,1,1,0,UI/UX Designer
MCA,IT,9.62,2025,0,1,0,0,1,0,1,0,1,Software Engineer
MCA,CS,9.76,2027,0,3,0,1,0,1,1,0,1,Software Engineer
BCA,IT,7.98,2025,1,5,0,1,1,0,1,0,0,Software Engineer
BCA,CS,9.73,2028,1,2,1,0,0,0,1,0,1,Backend Developer
B.Tech,DS,8.18,2026,1,5,0,0,1,1,0,1,1,UI/UX Designer
B.Tech,AI,8.17,2024,1,1,0,0,0,1,1,0,0,Software Engineer
B.Tech,IT,7.82,2025,0,0,1,1,0,0,1,1,0,Full Stack Developer
MCA,IT,6.29,2025,1,0,1,1,1,0,0,0,1,ML Engineer
MCA,CS,9.26,2026,0,3,0,0,1,0,1,0,1,Software Engineer
MCA,AI,6.84,2026,1,0,1,0,0,1,1,0,0,Backend Developer
MCA,DS,9.36,2027,1,5,1,1,1,1,1,0,0,Data Scientist
BCA,CS,9.73,2028,0,2,0,0,1,0,0,1,1,UI/UX Designer
BCA,IT,6.34,2025,1,2,0,1,1,0,0,0,0,Software Engineer
BCA,CS,6.78,2025,0,0,0,0,1,1,0,1,0,UI/UX Designer
MCA,AI,6.5,2027,1,3,0,0,1,0,0,1,0,UI/UX Designer
BCA,CS,8.76,2025,1,0,0,0,0,1,0,1,1,UI/UX Designer
BCA,CS,6.9,2025,1,0,0,1,1,0,0,1,1,UI/UX Designer
B.Tech,CS,6.05,2025,0,3,1,1,0,0,1,1,0,Full Stack Developer
MCA,DS,8.98,2028,1,1,0,0,0,1,1,0,1,Software Engineer
B.Tech,AI,6.87,2027,0,3,1,0,0,0,0,1,1,UI/UX Designer
BCA,IT,9.42,2028,0,0,1,1,0,1,1,0,1,Full Stack Developer
B.Tech,AI,7.25,2025,0,3,1,0,1,0,0,0,0,ML Engineer
MCA,IT,8.78,2028,0,0,1,0,1,1,0,1,1,Data Scientist
BCA,AI,8.98,2024,0,1,0,1,1,1,0,1,0,UI/UX Designer
MCA,IT,7.13,2028,1,5,0,1,0,0,1,1,1,UI/UX Designer
MCA,DS,6.35,2025,0,4,0,0,1,1,1,1,0,UI/UX Designer
MCA,DS,7.04,2024,0,5,1,1,1,1,0,0,0,Data Scientist
MCA,IT,9.18,2025,1,4,1,1,1,1,0,1,1,Data Scientist
MCA,IT,7.4,2026,0,5,0,1,0,1,0,1,0,UI/UX Designer
MCA,CS,6.64,2028,0,5,1,1,1,1,1,0,0,Data Scientist
MCA,DS,6.75,2026,1,1,1,1,1,1,0,1,1,Data Scientist
BCA,DS,6.62,2024,1,1,0,0,1,1,0,0,0,Software Engineer
BCA,IT,9.3,2025,1,4,1,1,0,1,1,0,0,Full Stack Developer
B.Tech,DS,7.97,2027,1,0,1,0,0,0,1,1,1,Backend Developer
BCA,CS,9.34,2028,0,0,1,1,1,1,0,0,0,Data Scientist
BCA,CS,6.33,2026,0,3,1,1,0,0,0,1,0,UI/UX Designer
BCA,IT,6.41,2025,1,4,1,0,1,1,1,0,1,Data Scientist
BCA,CS,6.06,2028,1,1,0,1,1,0,0,1,1,UI/UX Designer
BCA,CS,8.65,2028,1,4,0,1,0,0,1,0,1,Software Engineer
B.Tech,AI,7.53,2025,1,4,0,0,1,0,1,1,0,UI/UX Designer
BCA,AI,9.28,2025,1,5,1,1,0,1,1,1,1,Full Stack Developer
MCA,AI,6.68,2025,1,4,1,1,1,1,1,1,1,Data Scientist
B.Tech,CS,6.59,2026,1,5,0,0,1,1,0,0,0,Software Engineer
BCA,CS,6.79,2026,1,3,0,0,0,0,0,0,1,Software Engineer
BCA,DS,7.47,2028,1,1,0,0,1,0,0,1,1,UI/UX Designer
B.Tech,CS,6.49,2028,0,2,1,0,1,1,1,1,1,Data Scientist
B.Tech,CS,6.48,2028,0,5,1,0,0,0,0,0,0,Software Engineer
MCA,IT,7.58,2027,0,1,0,1,0,0,1,0,0,Software Engineer
MCA,DS,6.67,2025,1,3,1,1,0,0,1,1,0,Full Stack Developer
BCA,IT,9.28,2024,1,1,1,1,1,1,1,1,0,Data Scientist
MCA,IT,8.73,2024,1,1,0,1,1,0,0,1,0,UI/UX Designer
B.Tech,AI,6.69,2025,0,5,0,1,0,0,1,0,0,Software Engineer
B.Tech,IT,6.9,2025,1,5,1,0,0,1,1,0,1,Backend Developer
B.Tech,DS,8.75,2027,1,1,1,0,0,1,1,1,1,Backend Developer
BCA,DS,8.32,2024,0,3,0,1,1,0,0,1,1,UI/UX Designer
B.Tech,AI,6.94,2028,1,4,1,0,0,0,1,0,0,Backend Developer
B.Tech,IT,6.11,2024,0,2,1,0,0,1,1,0,0,Backend Developer
MCA,DS,8.31,2027,1,2,1,0,0,0,0,0,1,Cloud Engineer
B.Tech,IT,6.07,2026,0,3,0,1,1,0,0,1,0,UI/UX Designer
B.Tech,CS,6.09,2025,0,5,0,1,0,1,0,1,0,UI/UX Designer
MCA,IT,6.22,2025,0,4,1,0,0,1,0,1,1,UI/UX Designer
B.Tech,DS,6.18,2025,0,0,1,1,0,0,1,0,0,Full Stack Developer
B.Tech,CS,8.3,2024,0,0,0,0,0,1,1,1,0,UI/UX Designer
MCA,CS,7.7,2026,1,1,1,1,0,0,0,0,0,Software Engineer
BCA,IT,8.04,2025,1,5,0,0,0,1,0,1,1,UI/UX Designer
BCA,CS,9.0,2027,0,2,1,0,0,1,0,0,0,Software Engineer
B.Tech,IT,8.66,2026,1,5,0,1,0,0,1,1,0,UI/UX Designer
B.Tech,CS,6.87,2027,0,1,1,0,0,0,1,0,1,Backend Developer
BCA,IT,6.81,2024,1,0,1,0,1,1,1,1,1,Data Scientist
BCA,IT,7.82,2028,1,2,0,0,0,1,0,1,0,UI/UX Designer
MCA,CS,7.57,2025,0,2,0,0,0,1,0,1,1,UI/UX Designer
MCA,AI,6.12,2024,0,0,0,1,1,1,0,0,0,Software Engineer
MCA,CS,7.41,2028,1,2,1,1,1,1,1,1,1,Data Scientist
B.Tech,AI,7.75,2024,0,0,1,1,0,0,1,1,0,Full Stack Developer
MCA,IT,6.38,2027,1,0,0,0,0,0,0,0,1,Software Engineer
BCA,CS,6.56,2024,0,2,1,0,1,0,0,0,1,ML Engineer
B.Tech,IT,6.2,2025,1,0,0,1,0,0,0,1,1,UI/UX Designer
BCA,IT,6.43,2025,0,0,0,1,1,1,1,1,0,UI/UX Designer
MCA,AI,7.89,2025,0,4,1,0,1,1,1,1,1,Data Scientist
BCA,DS,9.38,2027,0,0,0,1,0,0,1,0,1,Software Engineer
B.Tech,AI,7.53,2027,0,2,1,0,0,0,1,0,0,Backend Developer
MCA,DS,6.47,2026,0,0,1,0,0,0,0,1,1,UI/UX Designer
MCA,CS,7.2,2025,0,2,1,0,0,1,0,1,0,UI/UX Designer
B.Tech,DS,8.24,2024,1,3,0,1,1,1,1,0,0,Software Engineer
BCA,AI,9.62,2027,1,4,1,0,1,1,0,0,0,Data Scientist
B.Tech,AI,8.21,2024,1,0,1,0,0,0,1,1,0,Backend Developer
BCA,CS,7.96,2028,0,0,0,1,0,1,0,0,0,Software Engineer
MCA,CS,6.89,2028,1,1,0,1,0,0,0,1,0,UI/UX Designer
MCA,DS,9.4,2026,0,1,0,0,1,0,1,0,0,Software Engineer
B.Tech,IT,6.23,2024,1,4,0,1,1,0,1,1,1,UI/UX Designer
B.Tech,DS,8.14,2026,1,0,0,1,1,1,1,0,0,Software Engineer
BCA,DS,8.2,2027,0,2,0,0,1,1,0,1,0,UI/UX Designer
B.Tech,AI,7.62,2027,0,1,0,1,0,0,1,0,1,Software Engineer
BCA,DS,6.69,2024,1,5,1,1,0,1,1,1,0,Full Stack Developer
BCA,DS,7.94,2025,0,3,1,1,1,0,1,1,0,ML Engineer
BCA,IT,9.14,2027,1,4,0,0,1,0,1,0,0,Software Engineer
BCA,IT,9.74,2027,1,1,0,0,0,1,1,0,0,Software Engineer
B.Tech,IT,9.8,2024,0,2,1,0,1,0,0,0,1,ML Engineer
MCA,DS,9.4,2026,0,1,0,0,1,0,0,0,1,Software Engineer
B.Tech,AI,9.44,2026,1,3,0,1,1,0,1,1,0,UI/UX Designer
B.Tech,AI,7.04,2028,1,3,0,1,0,0,1,1,0,UI/UX Designer
MCA,CS,9.29,2027,0,0,0,1,1,0,0,1,0,UI/UX Designer
BCA,IT,9.49,2027,1,4,1,0,1,1,1,0,0,Data Scientist
MCA,CS,7.24,2028,1,2,1,0,1,1,1,1,1,Data Scientist
BCA,IT,8.65,2027,0,2,0,0,0,0,0,0,1,Software Engineer
MCA,DS,6.79,2026,0,3,0,0,1,0,1,0,0,Software Engineer
BCA,CS,6.19,2028,1,1,0,0,1,1,1,0,1,Software Engineer
MCA,AI,8.98,2028,1,3,1,1,0,0,1,1,1,Full Stack Developer
B.Tech,AI,7.2,2026,1,3,1,1,0,1,1,1,0,Full Stack Developer
MCA,CS,7.62,2025,1,2,1,0,1,1,1,0,0,Data Scientist
B.Tech,CS,7.51,2026,1,1,1,1,0,0,1,1,1,Full Stack Developer
B.Tech,AI,6.69,2027,1,3,0,0,1,0,0,0,0,Software Engineer
B.Tech,CS,6.3,2026,0,0,1,1,1,0,1,0,1,ML Engineer
BCA,DS,7.83,2027,0,1,1,1,1,0,0,0,0,ML Engineer
B.Tech,DS,9.01,2025,1,0,0,0,1,1,0,1,1,UI/UX Designer
MCA,DS,7.3,2027,1,5,0,0,0,0,0,1,0,UI/UX Designer
MCA,IT,7.18,2024,0,4,1,0,1,1,0,1,1,Data Scientist
BCA,AI,8.48,2026,1,2,1,1,1,1,0,0,1,Data Scientist
MCA,DS,7.08,2028,1,5,0,0,0,0,0,0,0,Software Engineer
MCA,IT,7.86,2024,0,4,0,1,1,1,0,0,1,Software Engineer
B.Tech,DS,9.66,2024,1,2,1,0,0,1,1,0,0,Backend Developer
MCA,IT,7.26,2025,1,0,0,0,1,0,1,0,1,Software Engineer
MCA,CS,9.2,2026,0,2,0,0,0,1,1,1,1,UI/UX Designer
MCA,IT,9.11,2026,0,3,1,1,1,1,1,1,0,Data Scientist
B.Tech,DS,9.65,2028,1,4,0,1,0,0,1,0,0,Software Engineer
MCA,IT,9.18,2024,1,3,1,1,0,0,1,1,1,Full Stack Developer
MCA,AI,6.67,2025,0,4,0,1,1,0,0,0,1,Software Engineer
B.Tech,DS,6.11,2025,0,1,0,1,0,0,0,0,0,Software Engineer
B.Tech,IT,6.87,2024,0,0,0,0,0,0,0,0,0,Software Engineer
MCA,DS,8.72,2024,0,4,1,1,1,1,0,0,0,Data Scientist
B.Tech,IT,9.41,2026,1,5,0,1,0,1,1,0,1,Software Engineer
B.Tech,AI,7.18,2028,1,5,0,0,0,1,1,1,0,UI/UX Designer
B.Tech,CS,7.41,2026,1,5,0,0,0,0,0,1,1,UI/UX Designer
BCA,DS,7.6,2024,0,0,1,1,0,1,0,0,1,Cloud Engineer
B.Tech,DS,8.06,2024,1,4,1,1,1,0,0,0,1,ML Engineer
BCA,IT,7.12,2025,1,4,1,1,0,0,1,0,1,Full Stack Developer
MCA,CS,7.8,2027,0,2,1,0,1,1,0,0,1,Data Scientist
MCA,DS,9.41,2024,0,1,0,1,1,0,1,1,0,UI/UX Designer
BCA,CS,7.15,2024,0,4,0,0,0,1,1,1,0,UI/UX Designer
B.Tech,DS,7.85,2026,0,5,1,0,0,1,1,1,1,Backend Developer
MCA,IT,7.07,2028,1,1,0,1,1,1,0,0,0,Software Engineer
MCA,CS,7.71,2026,1,2,1,1,0,0,0,1,1,UI/UX Designer
BCA,DS,8.96,2025,0,4,0,0,1,1,1,1,0,UI/UX Designer
B.Tech,DS,6.83,2026,1,2,0,0,1,1,0,0,0,Software Engineer
B.Tech,IT,9.49,2028,1,5,0,1,0,0,0,1,1,UI/UX Designer
MCA,AI,8.72,2025,0,1,1,0,0,0,1,0,0,Backend Developer
B.Tech,AI,9.58,2024,0,0,1,0,1,1,0,1,0,Data Scientist
B.Tech,DS,6.31,2024,1,1,1,0,0,1,0,0,1,Cloud Engineer
B.Tech,DS,8.26,2024,0,3,1,0,0,0,0,0,1,Cloud Engineer
MCA,DS,7.57,2028,0,3,1,0,1,1,1,0,0,Data Scientist
MCA,CS,9.65,2028,0,3,1,0,1,1,1,0,1,Data Scientist
BCA,CS,6.58,2028,1,1,0,1,0,0,0,0,1,Software Engineer
BCA,IT,7.28,2025,1,4,0,0,1,1,0,1,1,UI/UX Designer
B.Tech,IT,9.76,2026,1,4,0,1,1,1,0,1,1,UI/UX Designer
BCA,IT,8.05,2026,1,0,0,1,0,1,0,1,1,UI/UX Designer
MCA,AI,7.34,2026,1,1,1,1,1,0,1,1,1,ML Engineer
B.Tech,DS,8.39,2026,0,5,0,0,0,0,1,1,0,UI/UX Designer
B.Tech,CS,6.54,2026,1,5,0,0,0,0,0,1,1,UI/UX Designer
B.Tech,AI,9.11,2026,0,5,1,0,0,0,0,1,1,UI/UX Designer
MCA,AI,9.31,2024,0,1,0,0,0,0,0,1,1,UI/UX Designer
MCA,IT,9.44,2026,1,3,1,0,0,1,0,1,0,UI/UX Designer
BCA,IT,9.21,2027,0,2,1,0,1,1,0,1,0,Data Scientist
BCA,IT,9.69,2024,0,5,1,0,0,0,0,0,1,Cloud Engineer
BCA,CS,7.92,2026,0,0,0,0,1,1,0,0,0,Software Engineer
B.Tech,AI,8.61,2026,0,0,1,0,0,1,0,1,1,UI/UX Designer
MCA,CS,8.45,2027,1,4,1,1,0,0,0,1,1,UI/UX Designer
MCA,IT,9.79,2028,1,5,0,0,1,1,1,1,0,UI/UX Designer
B.Tech,CS,7.49,2027,1,1,0,0,0,1,1,1,0,UI/UX Designer
B.Tech,DS,6.81,2027,1,2,1,1,0,0,0,1,0,UI/UX Designer
B.Tech,CS,8.39,2028,0,1,0,1,0,1,0,1,1,UI/UX Designer
MCA,CS,8.44,2027,0,2,0,1,1,0,0,0,0,Software Engineer
B.Tech,CS,7.46,2027,0,1,0,0,1,1,0,0,0,Software Engineer
MCA,IT,6.33,2028,1,2,0,1,1,1,1,1,1,UI/UX Designer
B.Tech,IT,7.74,2026,0,0,0,1,0,0,0,1,0,UI/UX Designer
B.Tech,CS,9.04,2025,0,5,1,1,1,0,0,0,1,ML Engineer
B.Tech,AI,9.45,2028,0,4,0,0,0,1,0,0,0,Software Engineer
MCA,DS,6.8,2026,1,4,1,0,1,0,1,0,0,ML Engineer
MCA,CS,8.69,2026,0,3,0,1,1,1,0,0,1,Software Engineer
BCA,AI,9.29,2024,0,1,0,0,1,0,1,0,1,Software Engineer
MCA,IT,8.38,2025,0,5,1,0,0,0,0,0,1,Cloud Engineer
BCA,IT,8.78,2028,0,0,0,0,1,0,1,1,1,UI/UX Designer
B.Tech,IT,9.72,2026,0,1,1,1,0,0,0,0,0,Software Engineer
B.Tech,AI,8.73,2024,0,4,0,0,1,1,1,0,0,Software Engineer
B.Tech,CS,8.59,2024,1,5,0,1,1,0,1,1,1,UI/UX Designer
MCA,IT,6.5,2024,0,5,0,1,1,1,1,1,0,UI/UX Designer
MCA,CS,9.27,2025,0,0,0,0,1,0,1,1,1,UI/UX Designer
B.Tech,IT,8.16,2025,0,3,0,1,0,1,0,1,1,UI/UX Designer
BCA,DS,9.63,2024,1,1,1,0,0,1,1,1,1,Backend Developer
BCA,AI,8.96,2026,1,5,1,0,0,1,1,1,0,Backend Developer
MCA,IT,8.16,2026,0,2,0,1,1,1,0,1,0,UI/UX Designer
B.Tech,DS,9.35,2024,0,2,1,0,1,0,0,0,1,ML Engineer
BCA,IT,6.39,2028,0,4,0,1,0,1,0,1,1,UI/UX Designer
MCA,DS,7.0,2025,1,1,1,0,1,0,0,1,0,ML Engineer
MCA,IT,6.85,2026,0,0,0,1,1,0,1,0,1,Software Engineer
BCA,AI,7.41,2027,1,5,0,0,0,1,1,1,0,UI/UX Designer
B.Tech,AI,9.67,2027,1,4,1,1,1,1,1,1,1,Data Scientist
B.Tech,AI,6.48,2025,1,2,1,1,1,1,1,0,1,Data Scientist
B.Tech,DS,8.26,2026,1,4,1,0,0,1,1,0,1,Backend Developer
B.Tech,DS,9.31,2026,0,1,1,1,1,1,0,0,0,Data Scientist
B.Tech,AI,8.47,2028,0,1,1,0,1,0,1,0,1,ML Engineer
MCA,CS,7.72,2027,0,5,0,1,0,1,1,1,0,UI/UX Designer
MCA,AI,9.5,2025,0,0,1,0,0,0,0,0,1,Cloud Engineer
BCA,AI,8.81,2025,1,4,1,1,0,1,1,0,0,Full Stack Developer
B.Tech,IT,9.3,2024,1,2,1,1,1,1,0,0,1,Data Scientist
BCA,AI,7.55,2025,1,0,0,0,1,1,1,0,1,Software Engineer
MCA,CS,6.09,2026,1,5,0,1,0,0,1,0,1,Software Engineer
B.Tech,AI,6.71,2027,0,0,0,0,0,0,1,0,0,Software Engineer
MCA,CS,7.88,2025,0,1,1,0,1,0,0,0,1,ML Engineer
B.Tech,CS,8.28,2025,1,1,0,0,1,1,1,0,1,Software Engineer
B.Tech,IT,8.43,2027,0,5,1,0,1,1,0,0,0,Data Scientist
BCA,IT,6.49,2027,1,0,0,0,0,1,1,1,0,UI/UX Designer
B.Tech,IT,7.48,2027,0,4,1,0,1,1,0,0,1,Data Scientist
B.Tech,IT,7.51,2026,0,4,0,0,1,0,0,0,1,Software Engineer
BCA,IT,7.23,2026,0,1,0,0,1,1,1,1,1,UI/UX Designer
MCA,AI,6.96,2025,1,4,0,0,0,0,0,0,0,Software Engineer
B.Tech,AI,6.8,2024,1,1,0,0,0,1,1,0,1,Software Engineer
MCA,DS,7.05,2025,0,3,1,0,0,0,0,1,1,UI/UX Designer
MCA,CS,6.84,2027,0,3,1,0,1,0,1,0,0,ML Engineer
B.Tech,AI,8.78,2027,0,2,0,1,1,0,1,1,1,UI/UX Designer
BCA,AI,6.27,2028,1,2,1,1,0,0,0,1,0,UI/UX Designer
BCA,DS,7.36,2025,0,3,1,1,0,0,1,0,1,Full Stack Developer
MCA,CS,6.27,2027,0,1,0,0,0,1,0,1,0,UI/UX Designer
MCA,DS,7.76,2028,1,3,0,0,1,0,0,0,1,Software Engineer
BCA,IT,6.3,2028,0,1,0,1,0,0,0,1,1,UI/UX Designer
BCA,IT,9.19,2025,1,1,1,1,0,1,1,1,1,Full Stack Developer
MCA,AI,6.69,2024,0,0,0,0,1,1,1,0,0,Software Engineer
BCA,AI,9.77,2028,1,2,0,0,0,1,0,1,1,UI/UX Designer
BCA,AI,7.17,2027,1,3,1,0,0,0,0,1,1,UI/UX Designer
BCA,AI,7.62,2024,1,2,1,1,1,1,0,1,0,Data Scientist
BCA,IT,6.14,2027,1,4,0,0,1,0,1,1,0,UI/UX Designer
B.Tech,DS,6.85,2025,0,5,1,0,1,1,0,0,1,Data Scientist
B.Tech,IT,7.76,2025,1,2,1,1,0,0,1,1,0,Full Stack Developer
BCA,DS,8.5,2025,1,2,0,0,1,1,1,1,1,UI/UX Designer
MCA,CS,7.5,2028,0,4,1,1,0,1,1,0,1,Full Stack Developer
BCA,AI,6.07,2028,0,1,0,1,1,1,1,0,1,Software Engineer
MCA,AI,6.38,2025,0,0,0,0,1,1,0,1,0,UI/UX Designer
BCA,AI,7.15,2028,1,1,1,0,0,0,0,1,0,UI/UX Designer
B.Tech,IT,6.04,2026,1,4,1,1,1,1,1,0,0,Data Scientist
B.Tech,IT,9.41,2026,0,1,1,1,1,0,0,0,0,ML Engineer
B.Tech,AI,8.21,2027,0,4,0,0,1,1,1,1,1,UI/UX Designer
B.Tech,AI,8.64,2027,1,1,1,0,0,0,1,1,1,Backend Developer
B.Tech,IT,9.15,2025,0,0,0,0,0,1,0,0,1,Software Engineer
BCA,IT,8.49,2024,1,1,0,0,1,1,1,0,1,Software Engineer
MCA,AI,7.45,2028,0,1,1,1,1,0,0,1,0,ML Engineer
B.Tech,CS,7.15,2026,0,1,0,1,1,1,0,1,1,UI/UX Designer
BCA,AI,6.69,2026,0,1,0,1,0,0,0,1,1,UI/UX Designer
B.Tech,AI,7.52,2024,0,1,0,0,0,0,0,0,0,Software Engineer
BCA,DS,6.26,2024,1,3,0,0,0,0,0,1,1,UI/UX Designer
BCA,IT,9.41,2024,0,2,1,0,1,1,0,1,1,Data Scientist
BCA,IT,6.89,2025,1,5,1,0,0,0,0,0,1,Cloud Engineer
B.Tech,DS,8.73,2025,0,2,0,0,0,1,1,0,0,Software Engineer
MCA,CS,9.16,2027,1,2,0,1,0,1,1,1,1,UI/UX Designer
BCA,IT,8.04,2027,0,5,1,1,0,0,1,0,1,Full Stack Developer
MCA,CS,9.05,2028,1,3,1,0,1,0,0,0,1,ML Engineer
MCA,IT,7.72,2024,0,0,1,1,1,0,0,1,0,ML Engineer
B.Tech,AI,9.73,2028,1,5,0,0,0,0,0,1,0,UI/UX Designer
MCA,IT,8.27,2026,0,4,0,0,1,0,1,1,0,UI/UX Designer
B.Tech,IT,6.54,2027,1,5,1,1,0,1,0,1,0,UI/UX Designer
BCA,AI,6.57,2024,1,1,1,0,0,1,0,0,0,Software Engineer
MCA,IT,6.77,2026,1,2,1,1,1,1,0,0,0,Data Scientist
BCA,CS,9.06,2024,1,4,1,0,1,1,1,0,1,Data Scientist
BCA,IT,7.51,2025,0,4,1,1,0,1,0,1,1,UI/UX Designer
BCA,AI,9.02,2025,1,4,1,1,0,1,0,1,1,UI/UX Designer
B.Tech,IT,6.11,2026,0,1,0,0,1,0,1,1,0,UI/UX Designer
